/*
 Navicat Premium Data Transfer

 Source Server         : 241
 Source Server Type    : MySQL
 Source Server Version : 50528
 Source Host           : 192.168.1.241
 Source Database       : o2o

 Target Server Type    : MySQL
 Target Server Version : 50528
 File Encoding         : utf-8

 Date: 09/19/2017 16:57:42 PM
*/

SET NAMES utf8mb4;
SET FOREIGN_KEY_CHECKS = 0;

-- ----------------------------
--  Table structure for `agent`
-- ----------------------------
DROP TABLE IF EXISTS `agent`;
CREATE TABLE `agent` (
  `id` int(10) unsigned NOT NULL AUTO_INCREMENT COMMENT '流水号',
  `createtime` datetime DEFAULT NULL COMMENT '创建时间',
  `modified_time` datetime DEFAULT NULL COMMENT '最后一次更新时间',
  `agent_name` varchar(100) NOT NULL COMMENT '代理商名称',
  `agent_contacts_name` varchar(20) DEFAULT NULL COMMENT '代理商联系人姓名',
  `agent_contacts_phone` varchar(20) DEFAULT NULL COMMENT '代理商联系人电话',
  `agent_total_amount` decimal(10,2) DEFAULT NULL COMMENT '代理资格缴纳总金额',
  `agent_balance` decimal(10,2) DEFAULT NULL COMMENT '代理商可用余额',
  `agent_frozen_amount` decimal(10,2) DEFAULT NULL COMMENT '代理商冻结金额',
  `agent_use_amount` decimal(10,2) DEFAULT NULL COMMENT '代理商已用金额',
  `prov_id` int(10) unsigned DEFAULT NULL COMMENT '所在省份',
  `city_id` int(10) unsigned DEFAULT NULL COMMENT '所在城市',
  `area_id` int(10) unsigned DEFAULT NULL COMMENT '所在地区',
  `agent_address` varchar(150) DEFAULT NULL COMMENT '详细地址',
  `isvalid` bit(1) DEFAULT b'0' COMMENT '是否有效(0有效 1无效)',
  `agent_level_id` int(10) unsigned DEFAULT NULL COMMENT '代理商等级ID',
  `user_id` int(10) unsigned DEFAULT NULL COMMENT '关联用户表ID',
  PRIMARY KEY (`id`)
) ENGINE=InnoDB AUTO_INCREMENT=8 DEFAULT CHARSET=utf8mb4;

-- ----------------------------
--  Records of `agent`
-- ----------------------------
BEGIN;
INSERT INTO `agent` VALUES ('1', '2017-09-07 15:18:36', '2017-09-07 15:18:36', '阿里科技有限公司', '何威', '18578466997', '100000.00', '135000.00', '0.00', '15000.00', '19', '214', '1926', '东莞市南城区天安数码城C1栋1103', b'0', '1', '5'), ('7', '2017-09-12 10:26:38', null, '牛咖科技', '张三', '13556788765', null, null, null, null, '19', '214', '1934', '天安数码城', b'0', '3', '1');
COMMIT;

-- ----------------------------
--  Table structure for `agent_consumption_log`
-- ----------------------------
DROP TABLE IF EXISTS `agent_consumption_log`;
CREATE TABLE `agent_consumption_log` (
  `id` int(10) unsigned NOT NULL AUTO_INCREMENT COMMENT '流水号',
  `createtime` datetime DEFAULT NULL COMMENT '创建时间',
  `modified_time` datetime DEFAULT NULL COMMENT '最后一次更新时间',
  `agent_id` int(10) unsigned DEFAULT NULL COMMENT '代理商ID',
  `amount` decimal(10,2) DEFAULT NULL COMMENT '消费金额',
  `customer_id` int(10) DEFAULT NULL COMMENT '客户ID',
  PRIMARY KEY (`id`)
) ENGINE=InnoDB AUTO_INCREMENT=2 DEFAULT CHARSET=utf8mb4;

-- ----------------------------
--  Records of `agent_consumption_log`
-- ----------------------------
BEGIN;
INSERT INTO `agent_consumption_log` VALUES ('1', '2017-09-07 15:55:02', null, '1', '15000.00', '1');
COMMIT;

-- ----------------------------
--  Table structure for `agent_level`
-- ----------------------------
DROP TABLE IF EXISTS `agent_level`;
CREATE TABLE `agent_level` (
  `id` int(10) unsigned NOT NULL AUTO_INCREMENT COMMENT '流水号',
  `createtime` datetime DEFAULT NULL COMMENT '创建时间',
  `modified_time` datetime DEFAULT NULL COMMENT '最后一次更新时间',
  `agent_level_name` varchar(30) NOT NULL COMMENT '代理商等级名称',
  `remarks` varchar(100) DEFAULT NULL COMMENT '备注',
  `agent_level_discount` decimal(3,2) DEFAULT NULL COMMENT '代理商折扣',
  `amount` decimal(10,2) DEFAULT NULL COMMENT '需缴纳金额',
  `sort` int(10) unsigned DEFAULT NULL,
  PRIMARY KEY (`id`)
) ENGINE=InnoDB AUTO_INCREMENT=4 DEFAULT CHARSET=utf8mb4;

-- ----------------------------
--  Records of `agent_level`
-- ----------------------------
BEGIN;
INSERT INTO `agent_level` VALUES ('1', '2017-09-07 15:35:33', '2017-09-07 15:35:37', '三级代理商', null, '1.00', '100000.00', '1'), ('2', '2017-09-07 15:37:21', '2017-09-07 15:37:25', '二级代理商', null, '0.95', '200000.00', '2'), ('3', '2017-09-07 15:38:06', '2017-09-07 15:38:27', '一级代理商', null, '0.85', '350000.00', '3');
COMMIT;

-- ----------------------------
--  Table structure for `agent_recharge_log`
-- ----------------------------
DROP TABLE IF EXISTS `agent_recharge_log`;
CREATE TABLE `agent_recharge_log` (
  `id` int(10) unsigned NOT NULL AUTO_INCREMENT COMMENT '流水号',
  `createtime` datetime DEFAULT NULL COMMENT '创建时间',
  `modified_time` datetime DEFAULT NULL COMMENT '最后一次更新时间',
  `agent_id` int(10) unsigned DEFAULT NULL COMMENT '代理商ID',
  `recharge_amount` decimal(10,2) DEFAULT NULL COMMENT '充值金额',
  `recharge_type` tinyint(3) unsigned DEFAULT NULL COMMENT '充值类型(0普通充值 1代理资格充值)',
  `pay_type` tinyint(1) unsigned DEFAULT NULL COMMENT '(1:支付宝，2：微信3.银行卡4线下支付)',
  `status` tinyint(1) unsigned DEFAULT NULL COMMENT '(0:未支付，1：已支付)',
  `pay_time` datetime DEFAULT NULL COMMENT '支付时间',
  `serial_number` varchar(50) DEFAULT NULL COMMENT '支付流水号',
  PRIMARY KEY (`id`)
) ENGINE=InnoDB AUTO_INCREMENT=3 DEFAULT CHARSET=utf8mb4;

-- ----------------------------
--  Records of `agent_recharge_log`
-- ----------------------------
BEGIN;
INSERT INTO `agent_recharge_log` VALUES ('1', '2017-09-07 15:47:11', null, '1', '150000.00', '0', null, null, null, null), ('2', '2017-09-07 15:47:43', null, '1', '100000.00', '1', null, null, null, null);
COMMIT;

-- ----------------------------
--  Table structure for `area`
-- ----------------------------
DROP TABLE IF EXISTS `area`;
CREATE TABLE `area` (
  `id` int(10) unsigned NOT NULL AUTO_INCREMENT COMMENT '流水号',
  `area_name` varchar(30) DEFAULT NULL COMMENT '区域名称',
  `city_id` int(10) unsigned DEFAULT NULL COMMENT '城市ID',
  PRIMARY KEY (`id`)
) ENGINE=InnoDB AUTO_INCREMENT=2999 DEFAULT CHARSET=utf8mb4;

-- ----------------------------
--  Records of `area`
-- ----------------------------
BEGIN;
INSERT INTO `area` VALUES ('1', '东城区', '1'), ('2', '西城区', '1'), ('3', '崇文区', '1'), ('4', '宣武区', '1'), ('5', '朝阳区', '1'), ('6', '丰台区', '1'), ('7', '石景山区', '1'), ('8', '海淀区', '1'), ('9', '门头沟区', '1'), ('10', '房山区', '1'), ('11', '通州区', '1'), ('12', '顺义区', '1'), ('13', '昌平区', '1'), ('14', '大兴区', '1'), ('15', '怀柔区', '1'), ('16', '平谷区', '1'), ('17', '密云县', '1'), ('18', '延庆县', '1'), ('19', '和平区', '2'), ('20', '河东区', '2'), ('21', '河西区', '2'), ('22', '南开区', '2'), ('23', '河北区', '2'), ('24', '红桥区', '2'), ('25', '塘沽区', '2'), ('26', '汉沽区', '2'), ('27', '大港区', '2'), ('28', '东丽区', '2'), ('29', '西青区', '2'), ('30', '津南区', '2'), ('31', '北辰区', '2'), ('32', '武清区', '2'), ('33', '宝坻区', '2'), ('34', '宁河县', '2'), ('35', '静海县', '2'), ('36', '蓟县', '2'), ('37', '保税区', '2'), ('38', '经济技术开发区', '2'), ('39', '高新区', '2'), ('40', '滨海新区', '2'), ('41', '长安区', '3'), ('42', '桥东区', '3'), ('43', '桥西区', '3'), ('44', '新华区', '3'), ('45', '井陉矿区', '3'), ('46', '裕华区', '3'), ('47', '井陉县', '3'), ('48', '正定县', '3'), ('49', '栾城县', '3'), ('50', '行唐县', '3'), ('51', '灵寿县', '3'), ('52', '高邑县', '3'), ('53', '深泽县', '3'), ('54', '赞皇县', '3'), ('55', '无极县', '3'), ('56', '平山县', '3'), ('57', '元氏县', '3'), ('58', '赵县', '3'), ('59', '辛集市', '3'), ('60', '藁城市', '3'), ('61', '晋州市', '3'), ('62', '新乐市', '3'), ('63', '鹿泉市', '3'), ('64', '高新技术开发区', '3'), ('65', '路南区', '4'), ('66', '路北区', '4'), ('67', '古冶区', '4'), ('68', '开平区', '4'), ('69', '丰南区', '4'), ('70', '丰润区', '4'), ('71', '滦县', '4'), ('72', '滦南县', '4'), ('73', '乐亭县', '4'), ('74', '迁西县', '4'), ('75', '玉田县', '4'), ('76', '唐海县', '4'), ('77', '遵化市', '4'), ('78', '迁安市', '4'), ('79', '高新区', '4'), ('80', '汉沽管理区', '4'), ('81', '海港开发区', '4'), ('82', '芦台开发区', '4'), ('83', '南堡开发区', '4'), ('84', '曹妃甸工业区', '4'), ('85', '海港区', '5'), ('86', '山海关区', '5'), ('87', '北戴河区', '5'), ('88', '青龙满族自治县', '5'), ('89', '昌黎县', '5'), ('90', '抚宁县', '5'), ('91', '卢龙县', '5'), ('92', '经济技术开发区', '5'), ('93', '邯山区', '6'), ('94', '丛台区', '6'), ('95', '复兴区', '6'), ('96', '峰峰矿区', '6'), ('97', '邯郸县', '6'), ('98', '临漳县', '6'), ('99', '成安县', '6'), ('100', '大名县', '6'), ('101', '涉县', '6'), ('102', '磁县', '6'), ('103', '肥乡县', '6'), ('104', '永年县', '6'), ('105', '邱县', '6'), ('106', '鸡泽县', '6'), ('107', '广平县', '6'), ('108', '馆陶县', '6'), ('109', '魏县', '6'), ('110', '曲周县', '6'), ('111', '武安市', '6'), ('112', '经济开发区', '6'), ('113', '桥东区', '7'), ('114', '桥西区', '7'), ('115', '邢台县', '7'), ('116', '临城县', '7'), ('117', '内丘县', '7'), ('118', '柏乡县', '7'), ('119', '隆尧县', '7'), ('120', '任县', '7'), ('121', '南和县', '7'), ('122', '宁晋县', '7'), ('123', '巨鹿县', '7'), ('124', '新河县', '7'), ('125', '广宗县', '7'), ('126', '平乡县', '7'), ('127', '威县', '7'), ('128', '清河县', '7'), ('129', '临西县', '7'), ('130', '南宫市', '7'), ('131', '沙河市', '7'), ('132', '新市区', '8'), ('133', '南市区', '8'), ('134', '北市区', '8'), ('135', '满城县', '8'), ('136', '清苑县', '8'), ('137', '涞水县', '8'), ('138', '阜平县', '8'), ('139', '徐水县', '8'), ('140', '定兴县', '8'), ('141', '唐县', '8'), ('142', '高阳县', '8'), ('143', '容城县', '8'), ('144', '涞源县', '8'), ('145', '望都县', '8'), ('146', '安新县', '8'), ('147', '易县', '8'), ('148', '曲阳县', '8'), ('149', '蠡县', '8'), ('150', '顺平县', '8'), ('151', '博野县', '8'), ('152', '雄县', '8'), ('153', '涿州市', '8'), ('154', '定州市', '8'), ('155', '安国市', '8'), ('156', '高碑店市', '8'), ('157', '桥东区', '9'), ('158', '桥西区', '9'), ('159', '宣化区', '9'), ('160', '下花园区', '9'), ('161', '宣化县', '9'), ('162', '张北县', '9'), ('163', '康保县', '9'), ('164', '沽源县', '9'), ('165', '尚义县', '9'), ('166', '蔚县', '9'), ('167', '阳原县', '9'), ('168', '怀安县', '9'), ('169', '万全县', '9'), ('170', '怀来县', '9'), ('171', '涿鹿县', '9'), ('172', '赤城县', '9'), ('173', '崇礼县', '9'), ('174', '双桥区', '10'), ('175', '双滦区', '10'), ('176', '鹰手营子矿区', '10'), ('177', '承德县', '10'), ('178', '兴隆县', '10'), ('179', '平泉县', '10'), ('180', '滦平县', '10'), ('181', '隆化县', '10'), ('182', '丰宁满族自治县', '10'), ('183', '宽城满族自治县', '10'), ('184', '围场满族蒙古族自治县', '10'), ('185', '新华区', '11'), ('186', '运河区', '11'), ('187', '沧县', '11'), ('188', '青县', '11'), ('189', '东光县', '11'), ('190', '海兴县', '11'), ('191', '盐山县', '11'), ('192', '肃宁县', '11'), ('193', '南皮县', '11'), ('194', '吴桥县', '11'), ('195', '献县', '11'), ('196', '孟村回族自治县', '11'), ('197', '泊头市', '11'), ('198', '任丘市', '11'), ('199', '黄骅市', '11'), ('200', '河间市', '11'), ('201', '安次区', '12'), ('202', '广阳区', '12'), ('203', '固安县', '12'), ('204', '永清县', '12'), ('205', '香河县', '12'), ('206', '大城县', '12'), ('207', '文安县', '12'), ('208', '大厂回族自治县', '12'), ('209', '霸州市', '12'), ('210', '三河市', '12'), ('211', '开发区', '12'), ('212', '桃城区', '13'), ('213', '枣强县', '13'), ('214', '武邑县', '13'), ('215', '武强县', '13'), ('216', '饶阳县', '13'), ('217', '安平县', '13'), ('218', '故城县', '13'), ('219', '景县', '13'), ('220', '阜城县', '13'), ('221', '冀州市', '13'), ('222', '深州市', '13'), ('223', '小店区', '14'), ('224', '迎泽区', '14'), ('225', '杏花岭区', '14'), ('226', '尖草坪区', '14'), ('227', '万柏林区', '14'), ('228', '晋源区', '14'), ('229', '清徐县', '14'), ('230', '阳曲县', '14'), ('231', '娄烦县', '14'), ('232', '古交市', '14'), ('233', '城区', '15'), ('234', '矿区', '15'), ('235', '南郊区', '15'), ('236', '新荣区', '15'), ('237', '阳高县', '15'), ('238', '天镇县', '15'), ('239', '广灵县', '15'), ('240', '灵丘县', '15'), ('241', '浑源县', '15'), ('242', '左云县', '15'), ('243', '大同县', '15'), ('244', '城区', '16'), ('245', '矿区', '16'), ('246', '郊区', '16'), ('247', '平定县', '16'), ('248', '盂县', '16'), ('249', '城区', '17'), ('250', '郊区', '17'), ('251', '长治县', '17'), ('252', '襄垣县', '17'), ('253', '屯留县', '17'), ('254', '平顺县', '17'), ('255', '黎城县', '17'), ('256', '壶关县', '17'), ('257', '长子县', '17'), ('258', '武乡县', '17'), ('259', '沁县', '17'), ('260', '沁源县', '17'), ('261', '潞城市', '17'), ('262', '城区', '18'), ('263', '沁水县', '18'), ('264', '阳城县', '18'), ('265', '陵川县', '18'), ('266', '泽州县', '18'), ('267', '高平市', '18'), ('268', '朔城区', '19'), ('269', '平鲁区', '19'), ('270', '山阴县', '19'), ('271', '应县', '19'), ('272', '右玉县', '19'), ('273', '怀仁县', '19'), ('274', '榆次区', '20'), ('275', '榆社县', '20'), ('276', '左权县', '20'), ('277', '和顺县', '20'), ('278', '昔阳县', '20'), ('279', '寿阳县', '20'), ('280', '太谷县', '20'), ('281', '祁县', '20'), ('282', '平遥县', '20'), ('283', '灵石县', '20'), ('284', '介休市', '20'), ('285', '盐湖区', '21'), ('286', '临猗县', '21'), ('287', '万荣县', '21'), ('288', '闻喜县', '21'), ('289', '稷山县', '21'), ('290', '新绛县', '21'), ('291', '绛县', '21'), ('292', '垣曲县', '21'), ('293', '夏县', '21'), ('294', '平陆县', '21'), ('295', '芮城县', '21'), ('296', '永济市', '21'), ('297', '河津市', '21'), ('298', '忻府区', '22'), ('299', '定襄县', '22'), ('300', '五台县', '22'), ('301', '代县', '22'), ('302', '繁峙县', '22'), ('303', '宁武县', '22'), ('304', '静乐县', '22'), ('305', '神池县', '22'), ('306', '五寨县', '22'), ('307', '岢岚县', '22'), ('308', '河曲县', '22'), ('309', '保德县', '22'), ('310', '偏关县', '22'), ('311', '原平市', '22'), ('312', '尧都区', '23'), ('313', '曲沃县', '23'), ('314', '翼城县', '23'), ('315', '襄汾县', '23'), ('316', '洪洞县', '23'), ('317', '古县', '23'), ('318', '安泽县', '23'), ('319', '浮山县', '23'), ('320', '吉县', '23'), ('321', '乡宁县', '23'), ('322', '大宁县', '23'), ('323', '隰县', '23'), ('324', '永和县', '23'), ('325', '蒲县', '23'), ('326', '汾西县', '23'), ('327', '侯马市', '23'), ('328', '霍州市', '23'), ('329', '离石区', '24'), ('330', '文水县', '24'), ('331', '交城县', '24'), ('332', '兴县', '24'), ('333', '临县', '24'), ('334', '柳林县', '24'), ('335', '石楼县', '24'), ('336', '岚县', '24'), ('337', '方山县', '24'), ('338', '中阳县', '24'), ('339', '交口县', '24'), ('340', '孝义市', '24'), ('341', '汾阳市', '24'), ('342', '回民区', '25'), ('343', '玉泉区', '25'), ('344', '新城区', '25'), ('345', '赛罕区', '25'), ('346', '土默特左旗', '25'), ('347', '托克托县', '25'), ('348', '和林格尔县', '25'), ('349', '清水河县', '25'), ('350', '武川县', '25'), ('351', '东河区', '26'), ('352', '昆都仑区', '26'), ('353', '青山区', '26'), ('354', '石拐区', '26'), ('355', '白云矿区', '26'), ('356', '九原区', '26'), ('357', '土默特右旗', '26'), ('358', '固阳县', '26'), ('359', '达尔罕茂明安联合旗', '26'), ('360', '海勃湾区', '27'), ('361', '海南区', '27'), ('362', '乌达区', '27'), ('363', '红山区', '28'), ('364', '元宝山区', '28'), ('365', '松山区', '28'), ('366', '阿鲁科尔沁旗', '28'), ('367', '巴林左旗', '28'), ('368', '巴林右旗', '28'), ('369', '林西县', '28'), ('370', '克什克腾旗', '28'), ('371', '翁牛特旗', '28'), ('372', '喀喇沁旗', '28'), ('373', '宁城县', '28'), ('374', '敖汉旗', '28'), ('375', '新城区', '28'), ('376', '科尔沁区', '29'), ('377', '科尔沁左翼中旗', '29'), ('378', '科尔沁左翼后旗', '29'), ('379', '开鲁县', '29'), ('380', '库伦旗', '29'), ('381', '奈曼旗', '29'), ('382', '扎鲁特旗', '29'), ('383', '霍林郭勒市', '29'), ('384', '东胜区', '30'), ('385', '达拉特旗', '30'), ('386', '准格尔旗', '30'), ('387', '鄂托克前旗', '30'), ('388', '鄂托克旗', '30'), ('389', '杭锦旗', '30'), ('390', '乌审旗', '30'), ('391', '伊金霍洛旗', '30'), ('392', '海拉尔区', '31'), ('393', '阿荣旗', '31'), ('394', '莫力达瓦达斡尔族自治旗', '31'), ('395', '鄂伦春自治旗', '31'), ('396', '鄂温克族自治旗', '31'), ('397', '陈巴尔虎旗', '31'), ('398', '新巴尔虎左旗', '31'), ('399', '新巴尔虎右旗', '31'), ('400', '满洲里市', '31'), ('401', '牙克石市', '31'), ('402', '扎兰屯市', '31'), ('403', '额尔古纳市', '31'), ('404', '根河市', '31'), ('405', '临河区', '32'), ('406', '五原县', '32'), ('407', '磴口县', '32'), ('408', '乌拉特前旗', '32'), ('409', '乌拉特中旗', '32'), ('410', '乌拉特后旗', '32'), ('411', '杭锦后旗', '32'), ('412', '集宁区', '33'), ('413', '卓资县', '33'), ('414', '化德县', '33'), ('415', '商都县', '33'), ('416', '兴和县', '33'), ('417', '凉城县', '33'), ('418', '察哈尔右翼前旗', '33'), ('419', '察哈尔右翼中旗', '33'), ('420', '察哈尔右翼后旗', '33'), ('421', '四子王旗', '33'), ('422', '丰镇市', '33'), ('423', '乌兰浩特市', '34'), ('424', '阿尔山市', '34'), ('425', '科尔沁右翼前旗', '34'), ('426', '科尔沁右翼中旗', '34'), ('427', '扎赉特旗', '34'), ('428', '突泉县', '34'), ('429', '二连浩特市', '35'), ('430', '锡林浩特市', '35'), ('431', '阿巴嘎旗', '35'), ('432', '苏尼特左旗', '35'), ('433', '苏尼特右旗', '35'), ('434', '东乌珠穆沁旗', '35'), ('435', '西乌珠穆沁旗', '35'), ('436', '太仆寺旗', '35'), ('437', '镶黄旗', '35'), ('438', '正镶白旗', '35'), ('439', '正蓝旗', '35'), ('440', '多伦县', '35'), ('441', '阿拉善左旗', '36'), ('442', '阿拉善右旗', '36'), ('443', '额济纳旗', '36'), ('444', '和平区', '37'), ('445', '沈河区', '37'), ('446', '大东区', '37'), ('447', '皇姑区', '37'), ('448', '铁西区', '37'), ('449', '苏家屯区', '37'), ('450', '东陵区', '37'), ('451', '沈北新区', '37'), ('452', '于洪区', '37'), ('453', '辽中县', '37'), ('454', '康平县', '37'), ('455', '法库县', '37'), ('456', '新民市', '37'), ('457', '经济技术开发区', '37'), ('458', '浑南新区', '37'), ('459', '新城子经济技术开发区', '37'), ('460', '中山区', '38'), ('461', '西岗区', '38'), ('462', '沙河口区', '38'), ('463', '甘井子区', '38'), ('464', '旅顺口区', '38'), ('465', '金州区', '38'), ('466', '长海县', '38'), ('467', '瓦房店市', '38'), ('468', '普兰店市', '38'), ('469', '庄河市', '38'), ('470', '开发区', '38'), ('471', '保税区', '38'), ('472', '铁东区', '39'), ('473', '铁西区', '39'), ('474', '立山区', '39'), ('475', '千山区', '39'), ('476', '台安县', '39'), ('477', '岫岩满族自治县', '39'), ('478', '海城市', '39'), ('479', '新抚区', '40'), ('480', '东洲区', '40'), ('481', '望花区', '40'), ('482', '顺城区', '40'), ('483', '抚顺县', '40'), ('484', '新宾满族自治县', '40'), ('485', '清原满族自治县', '40'), ('486', '平山区', '41'), ('487', '明山区', '41'), ('488', '溪湖区', '41'), ('489', '南芬区', '41'), ('490', '本溪满族自治县', '41'), ('491', '桓仁满族自治县', '41'), ('492', '元宝区', '42'), ('493', '振兴区', '42'), ('494', '振安区', '42'), ('495', '宽甸满族自治县', '42'), ('496', '东港市', '42'), ('497', '凤城市', '42'), ('498', '古塔区', '43'), ('499', '凌河区', '43'), ('500', '太和区', '43'), ('501', '黑山县', '43'), ('502', '义县', '43'), ('503', '凌海市', '43'), ('504', '北宁市', '43'), ('505', '松山新区', '43'), ('506', '经济技术开发区', '43'), ('507', '站前区', '44'), ('508', '西市区', '44'), ('509', '鲅鱼圈区', '44'), ('510', '老边区', '44'), ('511', '盖州市', '44'), ('512', '大石桥市', '44'), ('513', '海州区', '45'), ('514', '新邱区', '45'), ('515', '太平区', '45'), ('516', '清河门区', '45'), ('517', '细河区', '45'), ('518', '阜新蒙古族自治县', '45'), ('519', '彰武县', '45'), ('520', '白塔区', '46'), ('521', '文圣区', '46'), ('522', '宏伟区', '46'), ('523', '弓长岭区', '46'), ('524', '太子河区', '46'), ('525', '辽阳县', '46'), ('526', '灯塔市', '46'), ('527', '双台子区', '47'), ('528', '兴隆台区', '47'), ('529', '大洼县', '47'), ('530', '盘山县', '47'), ('531', '银州区', '48'), ('532', '清河区', '48'), ('533', '铁岭县', '48'), ('534', '西丰县', '48'), ('535', '昌图县', '48'), ('536', '调兵山市', '48'), ('537', '开原市', '48'), ('538', '双塔区', '49'), ('539', '龙城区', '49'), ('540', '朝阳县', '49'), ('541', '建平县', '49'), ('542', '喀喇沁左翼蒙古族自治县', '49'), ('543', '北票市', '49'), ('544', '凌源市', '49'), ('545', '连山区', '50'), ('546', '龙港区', '50'), ('547', '南票区', '50'), ('548', '绥中县', '50'), ('549', '建昌县', '50'), ('550', '兴城市', '50'), ('551', '南关区', '51'), ('552', '宽城区', '51'), ('553', '朝阳区', '51'), ('554', '二道区', '51'), ('555', '绿园区', '51'), ('556', '双阳区', '51'), ('557', '农安县', '51'), ('558', '九台市', '51'), ('559', '榆树市', '51'), ('560', '德惠市', '51'), ('561', '净月经济开发区', '51'), ('562', '高新技术产业开发区', '51'), ('563', '经济技术开发区', '51'), ('564', '昌邑区', '52'), ('565', '龙潭区', '52'), ('566', '船营区', '52'), ('567', '丰满区', '52'), ('568', '永吉县', '52'), ('569', '蛟河市', '52'), ('570', '桦甸市', '52'), ('571', '舒兰市', '52'), ('572', '磐石市', '52'), ('573', '铁西区', '53'), ('574', '铁东区', '53'), ('575', '梨树县', '53'), ('576', '伊通满族自治县', '53'), ('577', '公主岭市', '53'), ('578', '双辽市', '53'), ('579', '龙山区', '54'), ('580', '西安区', '54'), ('581', '东丰县', '54'), ('582', '东辽县', '54'), ('583', '东昌区', '55'), ('584', '二道江区', '55'), ('585', '通化县', '55'), ('586', '辉南县', '55'), ('587', '柳河县', '55'), ('588', '梅河口市', '55'), ('589', '集安市', '55'), ('590', '八道江区', '56'), ('591', '抚松县', '56'), ('592', '靖宇县', '56'), ('593', '长白朝鲜族自治县', '56'), ('594', '江源县', '56'), ('595', '临江市', '56'), ('596', '宁江区', '57'), ('597', '前郭尔罗斯蒙古族自治县', '57'), ('598', '长岭县', '57'), ('599', '乾安县', '57'), ('600', '扶余县', '57'), ('601', '洮北区', '58'), ('602', '镇赉县', '58'), ('603', '通榆县', '58'), ('604', '洮南市', '58'), ('605', '大安市', '58'), ('606', '延吉市', '59'), ('607', '图们市', '59'), ('608', '敦化市', '59'), ('609', '珲春市', '59'), ('610', '龙井市', '59'), ('611', '和龙市', '59'), ('612', '汪清县', '59'), ('613', '安图县', '59'), ('614', '道里区', '60'), ('615', '南岗区', '60'), ('616', '道外区', '60'), ('617', '香坊区', '60'), ('618', '动力区', '60'), ('619', '平房区', '60'), ('620', '松北区', '60'), ('621', '呼兰区', '60'), ('622', '依兰县', '60'), ('623', '方正县', '60'), ('624', '宾县', '60'), ('625', '巴彦县', '60'), ('626', '木兰县', '60'), ('627', '通河县', '60'), ('628', '延寿县', '60'), ('629', '阿城市', '60'), ('630', '双城市', '60'), ('631', '尚志市', '60'), ('632', '五常市', '60'), ('633', '龙沙区', '61'), ('634', '建华区', '61'), ('635', '铁锋区', '61'), ('636', '昂昂溪区', '61'), ('637', '富拉尔基区', '61'), ('638', '碾子山区', '61'), ('639', '梅里斯达斡尔族区', '61'), ('640', '龙江县', '61'), ('641', '依安县', '61'), ('642', '泰来县', '61'), ('643', '甘南县', '61'), ('644', '富裕县', '61'), ('645', '克山县', '61'), ('646', '克东县', '61'), ('647', '拜泉县', '61'), ('648', '讷河市', '61'), ('649', '鸡冠区', '62'), ('650', '恒山区', '62'), ('651', '滴道区', '62'), ('652', '梨树区', '62'), ('653', '城子河区', '62'), ('654', '麻山区', '62'), ('655', '鸡东县', '62'), ('656', '虎林市', '62'), ('657', '密山市', '62'), ('658', '向阳区', '63'), ('659', '工农区', '63'), ('660', '南山区', '63'), ('661', '兴安区', '63'), ('662', '东山区', '63'), ('663', '兴山区', '63'), ('664', '萝北县', '63'), ('665', '绥滨县', '63'), ('666', '尖山区', '64'), ('667', '岭东区', '64'), ('668', '四方台区', '64'), ('669', '宝山区', '64'), ('670', '集贤县', '64'), ('671', '友谊县', '64'), ('672', '宝清县', '64'), ('673', '饶河县', '64'), ('674', '萨尔图区', '65'), ('675', '龙凤区', '65'), ('676', '让胡路区', '65'), ('677', '红岗区', '65'), ('678', '大同区', '65'), ('679', '肇州县', '65'), ('680', '肇源县', '65'), ('681', '林甸县', '65'), ('682', '杜尔伯特蒙古族自治县', '65'), ('683', '伊春区', '66'), ('684', '南岔区', '66'), ('685', '友好区', '66'), ('686', '西林区', '66'), ('687', '翠峦区', '66'), ('688', '新青区', '66'), ('689', '美溪区', '66'), ('690', '金山屯区', '66'), ('691', '五营区', '66'), ('692', '乌马河区', '66'), ('693', '汤旺河区', '66'), ('694', '带岭区', '66'), ('695', '乌伊岭区', '66'), ('696', '红星区', '66'), ('697', '上甘岭区', '66'), ('698', '嘉荫县', '66'), ('699', '铁力市', '66'), ('700', '向阳区', '67'), ('701', '前进区', '67'), ('702', '东风区', '67'), ('703', '郊区', '67'), ('704', '桦南县', '67'), ('705', '桦川县', '67'), ('706', '汤原县', '67'), ('707', '抚远县', '67'), ('708', '同江市', '67'), ('709', '富锦市', '67'), ('710', '新兴区', '68'), ('711', '桃山区', '68'), ('712', '茄子河区', '68'), ('713', '勃利县', '68'), ('714', '东安区', '69'), ('715', '爱民区', '69'), ('716', '阳明区', '69'), ('717', '西安区', '69'), ('718', '东宁县', '69'), ('719', '林口县', '69'), ('720', '绥芬河市', '69'), ('721', '海林市', '69'), ('722', '宁安市', '69'), ('723', '穆棱市', '69'), ('724', '爱辉区', '70'), ('725', '嫩江县', '70'), ('726', '逊克县', '70'), ('727', '孙吴县', '70'), ('728', '北安市', '70'), ('729', '五大连池市', '70'), ('730', '北林区', '71'), ('731', '望奎县', '71'), ('732', '兰西县', '71'), ('733', '青冈县', '71'), ('734', '庆安县', '71'), ('735', '明水县', '71'), ('736', '绥棱县', '71'), ('737', '安达市', '71'), ('738', '肇东市', '71'), ('739', '海伦市', '71'), ('740', '呼玛县', '72'), ('741', '塔河县', '72'), ('742', '漠河县', '72'), ('743', '加格达奇区', '72'), ('744', '松岭区', '72'), ('745', '新林区', '72'), ('746', '呼中区', '72'), ('747', '黄浦区', '73'), ('748', '卢湾区', '73'), ('749', '徐汇区', '73'), ('750', '长宁区', '73'), ('751', '静安区', '73'), ('752', '普陀区', '73'), ('753', '闸北区', '73'), ('754', '虹口区', '73'), ('755', '杨浦区', '73'), ('756', '闵行区', '73'), ('757', '宝山区', '73'), ('758', '嘉定区', '73'), ('759', '浦东新区', '73'), ('760', '金山区', '73'), ('761', '松江区', '73'), ('762', '青浦区', '73'), ('763', '南汇区', '73'), ('764', '奉贤区', '73'), ('765', '崇明县', '73'), ('766', '玄武区', '74'), ('767', '白下区', '74'), ('768', '秦淮区', '74'), ('769', '建邺区', '74'), ('770', '鼓楼区', '74'), ('771', '下关区', '74'), ('772', '浦口区', '74'), ('773', '栖霞区', '74'), ('774', '雨花台区', '74'), ('775', '江宁区', '74'), ('776', '六合区', '74'), ('777', '溧水县', '74'), ('778', '高淳县', '74'), ('779', '崇安区', '75'), ('780', '南长区', '75'), ('781', '北塘区', '75'), ('782', '锡山区', '75'), ('783', '惠山区', '75'), ('784', '滨湖区', '75'), ('785', '江阴市', '75'), ('786', '宜兴市', '75'), ('787', '新区', '75'), ('788', '云龙区', '76'), ('789', '鼓楼区', '76'), ('790', '九里区', '76'), ('791', '泉山区', '76'), ('792', '铜山县', '76'), ('793', '贾汪区', '76'), ('794', '丰县', '76'), ('795', '沛县', '76'), ('796', '睢宁县', '76'), ('797', '新沂市', '76'), ('798', '邳州市', '76'), ('799', '天宁区', '77'), ('800', '钟楼区', '77'), ('801', '戚墅堰区', '77'), ('802', '新北区', '77'), ('803', '武进区', '77'), ('804', '溧阳市', '77'), ('805', '金坛市', '77'), ('806', '沧浪区', '78'), ('807', '平江区', '78'), ('808', '金阊区', '78'), ('809', '虎丘区', '78'), ('810', '吴中区', '78'), ('811', '相城区', '78'), ('812', '常熟市', '78'), ('813', '张家港市', '78'), ('814', '昆山市', '78'), ('815', '吴江市', '78'), ('816', '太仓市', '78'), ('817', '工业园区', '78'), ('818', '高新区', '78'), ('819', '崇川区', '79'), ('820', '港闸区', '79'), ('821', '海安县', '79'), ('822', '如东县', '79'), ('823', '启东市', '79'), ('824', '如皋市', '79'), ('825', '通州市', '79'), ('826', '海门市', '79'), ('827', '经济技术开发区', '79'), ('828', '连云区', '80'), ('829', '新浦区', '80'), ('830', '海州区', '80'), ('831', '赣榆县', '80'), ('832', '东海县', '80'), ('833', '灌云县', '80'), ('834', '灌南县', '80'), ('835', '清河区', '81'), ('836', '楚州区', '81'), ('837', '淮阴区', '81'), ('838', '清浦区', '81'), ('839', '涟水县', '81'), ('840', '洪泽县', '81'), ('841', '盱眙县', '81'), ('842', '金湖县', '81'), ('843', '亭湖区', '82'), ('844', '盐都区', '82'), ('845', '响水县', '82'), ('846', '滨海县', '82'), ('847', '阜宁县', '82'), ('848', '射阳县', '82'), ('849', '建湖县', '82'), ('850', '东台市', '82'), ('851', '大丰市', '82'), ('852', '广陵区', '83'), ('853', '邗江区', '83'), ('854', '宝应县', '83'), ('855', '仪征市', '83'), ('856', '高邮市', '83'), ('857', '江都市', '83'), ('858', '维扬区', '83'), ('859', '经济开发区', '83'), ('860', '京口区', '84'), ('861', '润州区', '84'), ('862', '丹徒区', '84'), ('863', '丹阳市', '84'), ('864', '扬中市', '84'), ('865', '句容市', '84'), ('866', '新区', '84'), ('867', '海陵区', '85'), ('868', '高港区', '85'), ('869', '兴化市', '85'), ('870', '靖江市', '85'), ('871', '泰兴市', '85'), ('872', '姜堰市', '85'), ('873', '宿城区', '86'), ('874', '宿豫区', '86'), ('875', '沭阳县', '86'), ('876', '泗阳县', '86'), ('877', '泗洪县', '86'), ('878', '上城区', '87'), ('879', '下城区', '87'), ('880', '江干区', '87'), ('881', '拱墅区', '87'), ('882', '西湖区', '87'), ('883', '滨江区', '87'), ('884', '萧山区', '87'), ('885', '余杭区', '87'), ('886', '桐庐县', '87'), ('887', '淳安县', '87'), ('888', '建德市', '87'), ('889', '富阳市', '87'), ('890', '临安市', '87'), ('891', '海曙区', '88'), ('892', '江东区', '88'), ('893', '江北区', '88'), ('894', '北仑区', '88'), ('895', '镇海区', '88'), ('896', '鄞州区', '88'), ('897', '象山县', '88'), ('898', '宁海县', '88'), ('899', '余姚市', '88'), ('900', '慈溪市', '88'), ('901', '奉化市', '88'), ('902', '鹿城区', '89'), ('903', '龙湾区', '89'), ('904', '瓯海区', '89'), ('905', '洞头县', '89'), ('906', '永嘉县', '89'), ('907', '平阳县', '89'), ('908', '苍南县', '89'), ('909', '文成县', '89'), ('910', '泰顺县', '89'), ('911', '瑞安市', '89'), ('912', '乐清市', '89'), ('913', '秀洲区', '90'), ('914', '嘉善县', '90'), ('915', '海盐县', '90'), ('916', '海宁市', '90'), ('917', '平湖市', '90'), ('918', '桐乡市', '90'), ('919', '南湖区', '90'), ('920', '吴兴区', '91'), ('921', '南浔区', '91'), ('922', '德清县', '91'), ('923', '长兴县', '91'), ('924', '安吉县', '91'), ('925', '越城区', '92'), ('926', '绍兴县', '92'), ('927', '新昌县', '92'), ('928', '诸暨市', '92'), ('929', '上虞市', '92'), ('930', '嵊州市', '92'), ('931', '婺城区', '93'), ('932', '金东区', '93'), ('933', '武义县', '93'), ('934', '浦江县', '93'), ('935', '磐安县', '93'), ('936', '兰溪市', '93'), ('937', '义乌市', '93'), ('938', '东阳市', '93'), ('939', '永康市', '93'), ('940', '柯城区', '94'), ('941', '衢江区', '94'), ('942', '常山县', '94'), ('943', '开化县', '94'), ('944', '龙游县', '94'), ('945', '江山市', '94'), ('946', '定海区', '95'), ('947', '普陀区', '95'), ('948', '岱山县', '95'), ('949', '嵊泗县', '95'), ('950', '椒江区', '96'), ('951', '路桥区', '96'), ('952', '黄岩区', '96'), ('953', '玉环县', '96'), ('954', '三门县', '96'), ('955', '天台县', '96'), ('956', '仙居县', '96'), ('957', '温岭市', '96'), ('958', '临海市', '96'), ('959', '莲都区', '97'), ('960', '青田县', '97'), ('961', '缙云县', '97'), ('962', '遂昌县', '97'), ('963', '松阳县', '97'), ('964', '云和县', '97'), ('965', '庆元县', '97'), ('966', '景宁畲族自治县', '97'), ('967', '龙泉市', '97'), ('968', '瑶海区', '98'), ('969', '庐阳区', '98'), ('970', '蜀山区', '98'), ('971', '包河区', '98'), ('972', '长丰县', '98'), ('973', '肥东县', '98'), ('974', '肥西县', '98'), ('975', '经济技术开发区', '98'), ('976', '新站试验区', '98'), ('977', '政务文化新区', '98'), ('978', '高新技术产业开发区', '98'), ('979', '镜湖区', '99'), ('980', '鸠江区', '99'), ('981', '芜湖县', '99'), ('982', '繁昌县', '99'), ('983', '南陵县', '99'), ('984', '弋江区', '99'), ('985', '三山区', '99'), ('986', '龙子湖区', '100'), ('987', '蚌山区', '100'), ('988', '禹会区', '100'), ('989', '淮上区', '100'), ('990', '怀远县', '100'), ('991', '五河县', '100'), ('992', '固镇县', '100'), ('993', '大通区', '101'), ('994', '田家庵区', '101'), ('995', '谢家集区', '101'), ('996', '八公山区', '101'), ('997', '潘集区', '101'), ('998', '凤台县', '101'), ('999', '雨山区', '102'), ('1000', '花山区', '102'), ('1001', '金家庄区', '102'), ('1002', '当涂县', '102'), ('1003', '经济技术开发区', '102'), ('1004', '杜集区', '103'), ('1005', '相山区', '103'), ('1006', '烈山区', '103'), ('1007', '濉溪县', '103'), ('1008', '铜官山区', '104'), ('1009', '狮子山区', '104'), ('1010', '郊区', '104'), ('1011', '铜陵县', '104'), ('1012', '迎江区', '105'), ('1013', '大观区', '105'), ('1014', '怀宁县', '105'), ('1015', '枞阳县', '105'), ('1016', '潜山县', '105'), ('1017', '太湖县', '105'), ('1018', '宿松县', '105'), ('1019', '望江县', '105'), ('1020', '岳西县', '105'), ('1021', '桐城市', '105'), ('1022', '宜秀区', '105'), ('1023', '屯溪区', '106'), ('1024', '黄山区', '106'), ('1025', '徽州区', '106'), ('1026', '歙县', '106'), ('1027', '休宁县', '106'), ('1028', '黟县', '106'), ('1029', '祁门县', '106'), ('1030', '琅琊区', '107'), ('1031', '南谯区', '107'), ('1032', '来安县', '107'), ('1033', '全椒县', '107'), ('1034', '定远县', '107'), ('1035', '凤阳县', '107'), ('1036', '天长市', '107'), ('1037', '明光市', '107'), ('1038', '颍州区', '108'), ('1039', '颍东区', '108'), ('1040', '颍泉区', '108'), ('1041', '临泉县', '108'), ('1042', '太和县', '108'), ('1043', '阜南县', '108'), ('1044', '颍上县', '108'), ('1045', '界首市', '108'), ('1046', '经济开发区', '108'), ('1047', '埇桥区', '109'), ('1048', '砀山县', '109'), ('1049', '萧县', '109'), ('1050', '灵璧县', '109'), ('1051', '泗县', '109'), ('1052', '居巢区', '110'), ('1053', '庐江县', '110'), ('1054', '无为县', '110'), ('1055', '含山县', '110'), ('1056', '和县', '110'), ('1057', '金安区', '111'), ('1058', '裕安区', '111'), ('1059', '寿县', '111'), ('1060', '霍邱县', '111'), ('1061', '舒城县', '111'), ('1062', '金寨县', '111'), ('1063', '霍山县', '111'), ('1064', '谯城区', '112'), ('1065', '涡阳县', '112'), ('1066', '蒙城县', '112'), ('1067', '利辛县', '112'), ('1068', '贵池区', '113'), ('1069', '东至县', '113'), ('1070', '石台县', '113'), ('1071', '青阳县', '113'), ('1072', '宣州区', '114'), ('1073', '郎溪县', '114'), ('1074', '广德县', '114'), ('1075', '泾县', '114'), ('1076', '绩溪县', '114'), ('1077', '旌德县', '114'), ('1078', '宁国市', '114'), ('1079', '鼓楼区', '115'), ('1080', '台江区', '115'), ('1081', '仓山区', '115'), ('1082', '马尾区', '115'), ('1083', '晋安区', '115'), ('1084', '闽侯县', '115'), ('1085', '连江县', '115'), ('1086', '罗源县', '115'), ('1087', '闽清县', '115'), ('1088', '永泰县', '115'), ('1089', '平潭县', '115'), ('1090', '福清市', '115'), ('1091', '长乐市', '115'), ('1092', '思明区', '116'), ('1093', '海沧区', '116'), ('1094', '湖里区', '116'), ('1095', '集美区', '116'), ('1096', '同安区', '116'), ('1097', '翔安区', '116'), ('1098', '鼓浪屿区', '116'), ('1099', '象屿保税区', '116'), ('1100', '火炬高新区', '116'), ('1101', '城厢区', '117'), ('1102', '涵江区', '117'), ('1103', '荔城区', '117'), ('1104', '秀屿区', '117'), ('1105', '仙游县', '117'), ('1106', '梅列区', '118'), ('1107', '三元区', '118'), ('1108', '明溪县', '118'), ('1109', '清流县', '118'), ('1110', '宁化县', '118'), ('1111', '大田县', '118'), ('1112', '尤溪县', '118'), ('1113', '沙县', '118'), ('1114', '将乐县', '118'), ('1115', '泰宁县', '118'), ('1116', '建宁县', '118'), ('1117', '永安市', '118'), ('1118', '鲤城区', '119'), ('1119', '丰泽区', '119'), ('1120', '洛江区', '119'), ('1121', '泉港区', '119'), ('1122', '惠安县', '119'), ('1123', '安溪县', '119'), ('1124', '永春县', '119'), ('1125', '德化县', '119'), ('1126', '金门县', '119'), ('1127', '石狮市', '119'), ('1128', '晋江市', '119'), ('1129', '南安市', '119'), ('1130', '经济技术开发区', '119'), ('1131', '芗城区', '120'), ('1132', '龙文区', '120'), ('1133', '云霄县', '120'), ('1134', '漳浦县', '120'), ('1135', '诏安县', '120'), ('1136', '长泰县', '120'), ('1137', '东山县', '120'), ('1138', '南靖县', '120'), ('1139', '平和县', '120'), ('1140', '华安县', '120'), ('1141', '龙海市', '120'), ('1142', '延平区', '121'), ('1143', '顺昌县', '121'), ('1144', '浦城县', '121'), ('1145', '光泽县', '121'), ('1146', '松溪县', '121'), ('1147', '政和县', '121'), ('1148', '邵武市', '121'), ('1149', '武夷山市', '121'), ('1150', '建瓯市', '121'), ('1151', '建阳市', '121'), ('1152', '新罗区', '122'), ('1153', '长汀县', '122'), ('1154', '永定县', '122'), ('1155', '上杭县', '122'), ('1156', '武平县', '122'), ('1157', '连城县', '122'), ('1158', '漳平市', '122'), ('1159', '蕉城区', '123'), ('1160', '霞浦县', '123'), ('1161', '古田县', '123'), ('1162', '屏南县', '123'), ('1163', '寿宁县', '123'), ('1164', '周宁县', '123'), ('1165', '柘荣县', '123'), ('1166', '福安市', '123'), ('1167', '福鼎市', '123'), ('1168', '东湖区', '124'), ('1169', '西湖区', '124'), ('1170', '青云谱区', '124'), ('1171', '湾里区', '124'), ('1172', '青山湖区', '124'), ('1173', '南昌县', '124'), ('1174', '新建县', '124'), ('1175', '安义县', '124'), ('1176', '进贤县', '124'), ('1177', '经济技术开发区', '124'), ('1178', '红谷滩新区', '124'), ('1179', '高新技术产业开发区', '124'), ('1180', '桑海经济技术开发区', '124'), ('1181', '英雄经济开发区', '124'), ('1182', '昌江区', '125'), ('1183', '珠山区', '125'), ('1184', '浮梁县', '125'), ('1185', '乐平市', '125'), ('1186', '安源区', '126'), ('1187', '湘东区', '126'), ('1188', '莲花县', '126'), ('1189', '上栗县', '126'), ('1190', '芦溪县', '126'), ('1191', '庐山区', '127'), ('1192', '浔阳区', '127'), ('1193', '九江县', '127'), ('1194', '武宁县', '127'), ('1195', '修水县', '127'), ('1196', '永修县', '127'), ('1197', '德安县', '127'), ('1198', '星子县', '127'), ('1199', '都昌县', '127'), ('1200', '湖口县', '127'), ('1201', '彭泽县', '127'), ('1202', '瑞昌市', '127'), ('1203', '渝水区', '128'), ('1204', '分宜县', '128'), ('1205', '月湖区', '129'), ('1206', '余江县', '129'), ('1207', '贵溪市', '129'), ('1208', '章贡区', '130'), ('1209', '赣县', '130'), ('1210', '信丰县', '130'), ('1211', '大余县', '130'), ('1212', '上犹县', '130'), ('1213', '崇义县', '130'), ('1214', '安远县', '130'), ('1215', '龙南县', '130'), ('1216', '定南县', '130'), ('1217', '全南县', '130'), ('1218', '宁都县', '130'), ('1219', '于都县', '130'), ('1220', '兴国县', '130'), ('1221', '会昌县', '130'), ('1222', '寻乌县', '130'), ('1223', '石城县', '130'), ('1224', '瑞金市', '130'), ('1225', '南康市', '130'), ('1226', '吉州区', '131'), ('1227', '青原区', '131'), ('1228', '吉安县', '131'), ('1229', '吉水县', '131'), ('1230', '峡江县', '131'), ('1231', '新干县', '131'), ('1232', '永丰县', '131'), ('1233', '泰和县', '131'), ('1234', '遂川县', '131'), ('1235', '万安县', '131'), ('1236', '安福县', '131'), ('1237', '永新县', '131'), ('1238', '井冈山市', '131'), ('1239', '袁州区', '132'), ('1240', '奉新县', '132'), ('1241', '万载县', '132'), ('1242', '上高县', '132'), ('1243', '宜丰县', '132'), ('1244', '靖安县', '132'), ('1245', '铜鼓县', '132'), ('1246', '丰城市', '132'), ('1247', '樟树市', '132'), ('1248', '高安市', '132'), ('1249', '临川区', '133'), ('1250', '南城县', '133'), ('1251', '黎川县', '133'), ('1252', '南丰县', '133'), ('1253', '崇仁县', '133'), ('1254', '乐安县', '133'), ('1255', '宜黄县', '133'), ('1256', '金溪县', '133'), ('1257', '资溪县', '133'), ('1258', '东乡县', '133'), ('1259', '广昌县', '133'), ('1260', '信州区', '134'), ('1261', '上饶县', '134'), ('1262', '广丰县', '134'), ('1263', '玉山县', '134'), ('1264', '铅山县', '134'), ('1265', '横峰县', '134'), ('1266', '弋阳县', '134'), ('1267', '余干县', '134'), ('1268', '鄱阳县', '134'), ('1269', '万年县', '134'), ('1270', '婺源县', '134'), ('1271', '德兴市', '134'), ('1272', '历下区', '135'), ('1273', '市中区', '135'), ('1274', '槐荫区', '135'), ('1275', '天桥区', '135'), ('1276', '历城区', '135'), ('1277', '长清区', '135'), ('1278', '平阴县', '135'), ('1279', '济阳县', '135'), ('1280', '商河县', '135'), ('1281', '章丘市', '135'), ('1282', '高新区', '135'), ('1283', '经济开发区', '135'), ('1284', '市南区', '136'), ('1285', '市北区', '136'), ('1286', '四方区', '136'), ('1287', '黄岛区', '136'), ('1288', '崂山区', '136'), ('1289', '李沧区', '136'), ('1290', '城阳区', '136'), ('1291', '胶州市', '136'), ('1292', '即墨市', '136'), ('1293', '平度市', '136'), ('1294', '胶南市', '136'), ('1295', '莱西市', '136'), ('1296', '淄川区', '137'), ('1297', '张店区', '137'), ('1298', '博山区', '137'), ('1299', '临淄区', '137'), ('1300', '周村区', '137'), ('1301', '桓台县', '137'), ('1302', '高青县', '137'), ('1303', '沂源县', '137'), ('1304', '高新区', '137'), ('1305', '市中区', '138'), ('1306', '薛城区', '138'), ('1307', '峄城区', '138'), ('1308', '台儿庄区', '138'), ('1309', '山亭区', '138'), ('1310', '滕州市', '138'), ('1311', '东营区', '139'), ('1312', '河口区', '139'), ('1313', '垦利县', '139'), ('1314', '利津县', '139'), ('1315', '广饶县', '139'), ('1316', '芝罘区', '140'), ('1317', '福山区', '140'), ('1318', '牟平区', '140'), ('1319', '莱山区', '140'), ('1320', '长岛县', '140'), ('1321', '龙口市', '140'), ('1322', '莱阳市', '140'), ('1323', '莱州市', '140'), ('1324', '蓬莱市', '140'), ('1325', '招远市', '140'), ('1326', '栖霞市', '140'), ('1327', '海阳市', '140'), ('1328', '开发区', '140'), ('1329', '潍城区', '141'), ('1330', '寒亭区', '141'), ('1331', '坊子区', '141'), ('1332', '奎文区', '141'), ('1333', '临朐县', '141'), ('1334', '昌乐县', '141'), ('1335', '青州市', '141'), ('1336', '诸城市', '141'), ('1337', '寿光市', '141'), ('1338', '安丘市', '141'), ('1339', '高密市', '141'), ('1340', '昌邑市', '141'), ('1341', '经济开发区', '141'), ('1342', '滨海经济开发区', '141'), ('1343', '高新技术开发区', '141'), ('1344', '出口加工区', '141'), ('1345', '市中区', '142'), ('1346', '任城区', '142'), ('1347', '微山县', '142'), ('1348', '鱼台县', '142'), ('1349', '金乡县', '142'), ('1350', '嘉祥县', '142'), ('1351', '汶上县', '142'), ('1352', '泗水县', '142'), ('1353', '梁山县', '142'), ('1354', '曲阜市', '142'), ('1355', '兖州市', '142'), ('1356', '邹城市', '142'), ('1357', '泰山区', '143'), ('1358', '岱岳区', '143'), ('1359', '宁阳县', '143'), ('1360', '东平县', '143'), ('1361', '新泰市', '143'), ('1362', '肥城市', '143'), ('1363', '环翠区', '144'), ('1364', '文登市', '144'), ('1365', '荣成市', '144'), ('1366', '乳山市', '144'), ('1367', '经济技术开发区', '144'), ('1368', '高技术开发区', '144'), ('1369', '东港区', '145'), ('1370', '岚山区', '145'), ('1371', '五莲县', '145'), ('1372', '莒县', '145'), ('1373', '莱城区', '146'), ('1374', '钢城区', '146'), ('1375', '兰山区', '147'), ('1376', '罗庄区', '147'), ('1377', '河东区', '147'), ('1378', '沂南县', '147'), ('1379', '郯城县', '147'), ('1380', '沂水县', '147'), ('1381', '苍山县', '147'), ('1382', '费县', '147'), ('1383', '平邑县', '147'), ('1384', '莒南县', '147'), ('1385', '蒙阴县', '147'), ('1386', '临沭县', '147'), ('1387', '德城区', '148'), ('1388', '陵县', '148'), ('1389', '宁津县', '148'), ('1390', '庆云县', '148'), ('1391', '临邑县', '148'), ('1392', '齐河县', '148'), ('1393', '平原县', '148'), ('1394', '夏津县', '148'), ('1395', '武城县', '148'), ('1396', '乐陵市', '148'), ('1397', '禹城市', '148'), ('1398', '东昌府区', '149'), ('1399', '阳谷县', '149'), ('1400', '莘县', '149'), ('1401', '茌平县', '149'), ('1402', '东阿县', '149'), ('1403', '冠县', '149'), ('1404', '高唐县', '149'), ('1405', '临清市', '149'), ('1406', '滨城区', '150'), ('1407', '惠民县', '150'), ('1408', '阳信县', '150'), ('1409', '无棣县', '150'), ('1410', '沾化县', '150'), ('1411', '博兴县', '150'), ('1412', '邹平县', '150'), ('1413', '牡丹区', '151'), ('1414', '曹县', '151'), ('1415', '单县', '151'), ('1416', '成武县', '151'), ('1417', '巨野县', '151'), ('1418', '郓城县', '151'), ('1419', '鄄城县', '151'), ('1420', '定陶县', '151'), ('1421', '东明县', '151'), ('1422', '中原区', '152'), ('1423', '二七区', '152'), ('1424', '管城回族区', '152'), ('1425', '金水区', '152'), ('1426', '上街区', '152'), ('1427', '中牟县', '152'), ('1428', '巩义市', '152'), ('1429', '荥阳市', '152'), ('1430', '新密市', '152'), ('1431', '新郑市', '152'), ('1432', '登封市', '152'), ('1433', '高新技术开发区', '152'), ('1434', '惠济区', '152'), ('1435', '经济技术开发区', '152'), ('1436', '郑东新区', '152'), ('1437', '出口加工区', '152'), ('1438', '龙亭区', '153'), ('1439', '顺河回族区', '153'), ('1440', '鼓楼区', '153'), ('1441', '杞县', '153'), ('1442', '通许县', '153'), ('1443', '尉氏县', '153'), ('1444', '开封县', '153'), ('1445', '兰考县', '153'), ('1446', '金明区', '153'), ('1447', '禹王台区', '153'), ('1448', '老城区', '154'), ('1449', '西工区', '154'), ('1450', '瀍河回族区', '154'), ('1451', '涧西区', '154'), ('1452', '吉利区', '154'), ('1453', '洛龙区', '154'), ('1454', '孟津县', '154'), ('1455', '新安县', '154'), ('1456', '栾川县', '154'), ('1457', '嵩县', '154'), ('1458', '汝阳县', '154'), ('1459', '宜阳县', '154'), ('1460', '洛宁县', '154'), ('1461', '伊川县', '154'), ('1462', '偃师市', '154'), ('1463', '高新技术开发区', '154'), ('1464', '经济技术开发区', '154'), ('1465', '新华区', '155'), ('1466', '卫东区', '155'), ('1467', '石龙区', '155'), ('1468', '湛河区', '155'), ('1469', '宝丰县', '155'), ('1470', '叶县', '155'), ('1471', '鲁山县', '155'), ('1472', '郏县', '155'), ('1473', '舞钢市', '155'), ('1474', '汝州市', '155'), ('1475', '文峰区', '156'), ('1476', '北关区', '156'), ('1477', '殷都区', '156'), ('1478', '龙安区', '156'), ('1479', '安阳县', '156'), ('1480', '汤阴县', '156'), ('1481', '滑县', '156'), ('1482', '内黄县', '156'), ('1483', '林州市', '156'), ('1484', '鹤山区', '157'), ('1485', '山城区', '157'), ('1486', '淇滨区', '157'), ('1487', '浚县', '157'), ('1488', '淇县', '157'), ('1489', '红旗区', '158'), ('1490', '卫滨区', '158'), ('1491', '凤泉区', '158'), ('1492', '牧野区', '158'), ('1493', '新乡县', '158'), ('1494', '获嘉县', '158'), ('1495', '原阳县', '158'), ('1496', '延津县', '158'), ('1497', '封丘县', '158'), ('1498', '长垣县', '158'), ('1499', '卫辉市', '158'), ('1500', '辉县市', '158'), ('1501', '解放区', '159'), ('1502', '中站区', '159'), ('1503', '马村区', '159'), ('1504', '山阳区', '159'), ('1505', '修武县', '159'), ('1506', '博爱县', '159'), ('1507', '武陟县', '159'), ('1508', '温县', '159'), ('1509', '沁阳市', '159'), ('1510', '孟州市', '159'), ('1511', '华龙区', '160'), ('1512', '清丰县', '160'), ('1513', '南乐县', '160'), ('1514', '范县', '160'), ('1515', '台前县', '160'), ('1516', '濮阳县', '160'), ('1517', '魏都区', '161'), ('1518', '许昌县', '161'), ('1519', '鄢陵县', '161'), ('1520', '襄城县', '161'), ('1521', '禹州市', '161'), ('1522', '长葛市', '161'), ('1523', '源汇区', '162'), ('1524', '郾城区', '162'), ('1525', '召陵区', '162'), ('1526', '舞阳县', '162'), ('1527', '临颍县', '162'), ('1528', '湖滨区', '163'), ('1529', '渑池县', '163'), ('1530', '陕县', '163'), ('1531', '卢氏县', '163'), ('1532', '义马市', '163'), ('1533', '灵宝市', '163'), ('1534', '宛城区', '164'), ('1535', '卧龙区', '164'), ('1536', '南召县', '164'), ('1537', '方城县', '164'), ('1538', '西峡县', '164'), ('1539', '镇平县', '164'), ('1540', '内乡县', '164'), ('1541', '淅川县', '164'), ('1542', '社旗县', '164'), ('1543', '唐河县', '164'), ('1544', '新野县', '164'), ('1545', '桐柏县', '164'), ('1546', '邓州市', '164'), ('1547', '梁园区', '165'), ('1548', '睢阳区', '165'), ('1549', '民权县', '165'), ('1550', '睢县', '165'), ('1551', '宁陵县', '165'), ('1552', '柘城县', '165'), ('1553', '虞城县', '165'), ('1554', '夏邑县', '165'), ('1555', '永城市', '165'), ('1556', '浉河区', '166'), ('1557', '平桥区', '166'), ('1558', '罗山县', '166'), ('1559', '光山县', '166'), ('1560', '新县', '166'), ('1561', '商城县', '166'), ('1562', '固始县', '166'), ('1563', '潢川县', '166'), ('1564', '淮滨县', '166'), ('1565', '息县', '166'), ('1566', '川汇区', '167'), ('1567', '扶沟县', '167'), ('1568', '西华县', '167'), ('1569', '商水县', '167'), ('1570', '沈丘县', '167'), ('1571', '郸城县', '167'), ('1572', '淮阳县', '167'), ('1573', '太康县', '167'), ('1574', '鹿邑县', '167'), ('1575', '项城市', '167'), ('1576', '驿城区', '168'), ('1577', '西平县', '168'), ('1578', '上蔡县', '168'), ('1579', '平舆县', '168'), ('1580', '正阳县', '168'), ('1581', '确山县', '168'), ('1582', '泌阳县', '168'), ('1583', '汝南县', '168'), ('1584', '遂平县', '168'), ('1585', '新蔡县', '168'), ('1586', '济源市', '169'), ('1587', '江岸区', '170'), ('1588', '江汉区', '170'), ('1589', '硚口区', '170'), ('1590', '汉阳区', '170'), ('1591', '武昌区', '170'), ('1592', '青山区', '170'), ('1593', '洪山区', '170'), ('1594', '东西湖区', '170'), ('1595', '汉南区', '170'), ('1596', '蔡甸区', '170'), ('1597', '江夏区', '170'), ('1598', '黄陂区', '170'), ('1599', '新洲区', '170'), ('1600', '黄石港区', '171'), ('1601', '西塞山区', '171'), ('1602', '下陆区', '171'), ('1603', '铁山区', '171'), ('1604', '阳新县', '171'), ('1605', '大冶市', '171'), ('1606', '茅箭区', '172'), ('1607', '张湾区', '172'), ('1608', '郧县', '172'), ('1609', '郧西县', '172'), ('1610', '竹山县', '172'), ('1611', '竹溪县', '172'), ('1612', '房县', '172'), ('1613', '丹江口市', '172'), ('1614', '西陵区', '173'), ('1615', '伍家岗区', '173'), ('1616', '点军区', '173'), ('1617', '虢亭区', '173'), ('1618', '夷陵区', '173'), ('1619', '远安县', '173'), ('1620', '兴山县', '173'), ('1621', '秭归县', '173'), ('1622', '长阳土家族自治县', '173'), ('1623', '五峰土家族自治县', '173'), ('1624', '宜都市', '173'), ('1625', '当阳市', '173'), ('1626', '枝江市', '173'), ('1627', '经济技术开发区', '173'), ('1628', '襄城区', '174'), ('1629', '樊城区', '174'), ('1630', '襄阳区', '174'), ('1631', '南漳县', '174'), ('1632', '谷城县', '174'), ('1633', '保康县', '174'), ('1634', '老河口市', '174'), ('1635', '枣阳市', '174'), ('1636', '宜城市', '174'), ('1637', '梁子湖区', '175'), ('1638', '华容区', '175'), ('1639', '鄂城区', '175'), ('1640', '东宝区', '176'), ('1641', '掇刀区', '176'), ('1642', '京山县', '176'), ('1643', '沙洋县', '176'), ('1644', '钟祥市', '176'), ('1645', '孝南区', '177'), ('1646', '孝昌县', '177'), ('1647', '大悟县', '177'), ('1648', '云梦县', '177'), ('1649', '应城市', '177'), ('1650', '安陆市', '177'), ('1651', '汉川市', '177'), ('1652', '沙市区', '178'), ('1653', '荆州区', '178'), ('1654', '公安县', '178'), ('1655', '监利县', '178'), ('1656', '江陵县', '178'), ('1657', '石首市', '178'), ('1658', '洪湖市', '178'), ('1659', '松滋市', '178'), ('1660', '黄州区', '179'), ('1661', '团风县', '179'), ('1662', '红安县', '179'), ('1663', '罗田县', '179'), ('1664', '英山县', '179'), ('1665', '浠水县', '179'), ('1666', '蕲春县', '179'), ('1667', '黄梅县', '179'), ('1668', '麻城市', '179'), ('1669', '武穴市', '179'), ('1670', '咸安区', '180'), ('1671', '嘉鱼县', '180'), ('1672', '通城县', '180'), ('1673', '崇阳县', '180'), ('1674', '通山县', '180'), ('1675', '赤壁市', '180'), ('1676', '曾都区', '181'), ('1677', '广水市', '181'), ('1678', '恩施市', '182'), ('1679', '利川市', '182'), ('1680', '建始县', '182'), ('1681', '巴东县', '182'), ('1682', '宣恩县', '182'), ('1683', '咸丰县', '182'), ('1684', '来凤县', '182'), ('1685', '鹤峰县', '182'), ('1690', '芙蓉区', '184'), ('1691', '天心区', '184'), ('1692', '岳麓区', '184'), ('1693', '开福区', '184'), ('1694', '雨花区', '184'), ('1695', '长沙县', '184'), ('1696', '望城县', '184'), ('1697', '宁乡县', '184'), ('1698', '浏阳市', '184'), ('1699', '荷塘区', '185'), ('1700', '芦淞区', '185'), ('1701', '石峰区', '185'), ('1702', '天元区', '185'), ('1703', '株洲县', '185'), ('1704', '攸县', '185'), ('1705', '茶陵县', '185'), ('1706', '炎陵县', '185'), ('1707', '醴陵市', '185'), ('1708', '雨湖区', '186'), ('1709', '岳塘区', '186'), ('1710', '湘潭县', '186'), ('1711', '湘乡市', '186'), ('1712', '韶山市', '186'), ('1713', '珠晖区', '187'), ('1714', '雁峰区', '187'), ('1715', '石鼓区', '187'), ('1716', '蒸湘区', '187'), ('1717', '南岳区', '187'), ('1718', '衡阳县', '187'), ('1719', '衡南县', '187'), ('1720', '衡山县', '187'), ('1721', '衡东县', '187'), ('1722', '祁东县', '187'), ('1723', '耒阳市', '187'), ('1724', '常宁市', '187'), ('1725', '双清区', '188'), ('1726', '大祥区', '188'), ('1727', '北塔区', '188'), ('1728', '邵东县', '188'), ('1729', '新邵县', '188'), ('1730', '邵阳县', '188'), ('1731', '隆回县', '188'), ('1732', '洞口县', '188'), ('1733', '绥宁县', '188'), ('1734', '新宁县', '188'), ('1735', '城步苗族自治县', '188'), ('1736', '武冈市', '188'), ('1737', '岳阳楼区', '189'), ('1738', '云溪区', '189'), ('1739', '君山区', '189'), ('1740', '岳阳县', '189'), ('1741', '华容县', '189'), ('1742', '湘阴县', '189'), ('1743', '平江县', '189'), ('1744', '汨罗市', '189'), ('1745', '临湘市', '189'), ('1746', '武陵区', '190'), ('1747', '鼎城区', '190'), ('1748', '安乡县', '190'), ('1749', '汉寿县', '190'), ('1750', '澧县', '190'), ('1751', '临澧县', '190'), ('1752', '桃源县', '190'), ('1753', '石门县', '190'), ('1754', '津市市', '190'), ('1755', '永定区', '191'), ('1756', '武陵源区', '191'), ('1757', '慈利县', '191'), ('1758', '桑植县', '191'), ('1759', '资阳区', '192'), ('1760', '赫山区', '192'), ('1761', '南县', '192'), ('1762', '桃江县', '192'), ('1763', '安化县', '192'), ('1764', '沅江市', '192'), ('1765', '北湖区', '193'), ('1766', '苏仙区', '193'), ('1767', '桂阳县', '193'), ('1768', '宜章县', '193'), ('1769', '永兴县', '193'), ('1770', '嘉禾县', '193'), ('1771', '临武县', '193'), ('1772', '汝城县', '193'), ('1773', '桂东县', '193'), ('1774', '安仁县', '193'), ('1775', '资兴市', '193'), ('1776', '冷水滩区', '194'), ('1777', '祁阳县', '194'), ('1778', '东安县', '194'), ('1779', '双牌县', '194'), ('1780', '道县', '194'), ('1781', '江永县', '194'), ('1782', '宁远县', '194'), ('1783', '蓝山县', '194'), ('1784', '新田县', '194'), ('1785', '江华瑶族自治县', '194'), ('1786', '零陵区', '194'), ('1787', '鹤城区', '195'), ('1788', '中方县', '195'), ('1789', '沅陵县', '195'), ('1790', '辰溪县', '195'), ('1791', '溆浦县', '195'), ('1792', '会同县', '195'), ('1793', '麻阳苗族自治县', '195'), ('1794', '新晃侗族自治县', '195'), ('1795', '芷江侗族自治县', '195'), ('1796', '靖州苗族侗族自治县', '195'), ('1797', '通道侗族自治县', '195'), ('1798', '洪江市', '195'), ('1799', '娄星区', '196'), ('1800', '双峰县', '196'), ('1801', '新化县', '196'), ('1802', '冷水江市', '196'), ('1803', '涟源市', '196'), ('1804', '吉首市', '197'), ('1805', '泸溪县', '197'), ('1806', '凤凰县', '197'), ('1807', '花垣县', '197'), ('1808', '保靖县', '197'), ('1809', '古丈县', '197'), ('1810', '永顺县', '197'), ('1811', '龙山县', '197'), ('1812', '荔湾区', '198'), ('1813', '越秀区', '198'), ('1814', '海珠区', '198'), ('1815', '天河区', '198'), ('1816', '白云区', '198'), ('1817', '黄埔区', '198'), ('1818', '番禺区', '198'), ('1819', '花都区', '198'), ('1820', '增城市', '198'), ('1821', '从化市', '198'), ('1822', '南沙区', '198'), ('1823', '萝岗区', '198'), ('1824', '武江区', '199'), ('1825', '浈江区', '199'), ('1826', '曲江区', '199'), ('1827', '始兴县', '199'), ('1828', '仁化县', '199'), ('1829', '翁源县', '199'), ('1830', '乳源瑶族自治县', '199'), ('1831', '新丰县', '199'), ('1832', '乐昌市', '199'), ('1833', '南雄市', '199'), ('1834', '罗湖区', '200'), ('1835', '福田区', '200'), ('1836', '南山区', '200'), ('1837', '宝安区', '200'), ('1838', '龙岗区', '200'), ('1839', '盐田区', '200'), ('1840', '光明新区', '200'), ('1841', '坪山新区', '200'), ('1842', '香洲区', '201'), ('1843', '斗门区', '201'), ('1844', '金湾区', '201'), ('1845', '龙湖区', '202'), ('1846', '金平区', '202'), ('1847', '濠江区', '202'), ('1848', '潮阳区', '202'), ('1849', '潮南区', '202'), ('1850', '澄海区', '202'), ('1851', '南澳县', '202'), ('1852', '禅城区', '203'), ('1853', '南海区', '203'), ('1854', '顺德区', '203'), ('1855', '三水区', '203'), ('1856', '高明区', '203'), ('1857', '蓬江区', '204'), ('1858', '江海区', '204'), ('1859', '新会区', '204'), ('1860', '台山市', '204'), ('1861', '开平市', '204'), ('1862', '鹤山市', '204'), ('1863', '恩平市', '204'), ('1864', '赤坎区', '205'), ('1865', '霞山区', '205'), ('1866', '坡头区', '205'), ('1867', '麻章区', '205'), ('1868', '遂溪县', '205'), ('1869', '徐闻县', '205'), ('1870', '廉江市', '205'), ('1871', '雷州市', '205'), ('1872', '吴川市', '205'), ('1873', '开发区', '205'), ('1874', '茂南区', '206'), ('1875', '茂港区', '206'), ('1876', '电白县', '206'), ('1877', '高州市', '206'), ('1878', '化州市', '206'), ('1879', '信宜市', '206'), ('1880', '端州区', '207'), ('1881', '鼎湖区', '207'), ('1882', '广宁县', '207'), ('1883', '怀集县', '207'), ('1884', '封开县', '207'), ('1885', '德庆县', '207'), ('1886', '高要市', '207'), ('1887', '四会市', '207'), ('1888', '高新技术产业开发区', '207'), ('1889', '惠城区', '208'), ('1890', '惠阳区', '208'), ('1891', '博罗县', '208'), ('1892', '惠东县', '208'), ('1893', '龙门县', '208'), ('1894', '大亚湾区', '208'), ('1895', '仲恺高新区', '208'), ('1896', '梅江区', '209'), ('1897', '梅县', '209'), ('1898', '大埔县', '209'), ('1899', '丰顺县', '209'), ('1900', '五华县', '209'), ('1901', '平远县', '209'), ('1902', '蕉岭县', '209'), ('1903', '兴宁市', '209'), ('1904', '城区', '210'), ('1905', '陆丰市', '210'), ('1906', '海丰县', '210'), ('1907', '陆河县', '210'), ('1908', '源城区', '211'), ('1909', '紫金县', '211'), ('1910', '龙川县', '211'), ('1911', '连平县', '211'), ('1912', '和平县', '211'), ('1913', '东源县', '211'), ('1914', '江城区', '212'), ('1915', '阳西县', '212'), ('1916', '阳东县', '212'), ('1917', '阳春市', '212'), ('1918', '清城区', '213'), ('1919', '佛冈县', '213'), ('1920', '阳山县', '213'), ('1921', '连山壮族瑶族自治县', '213'), ('1922', '连南瑶族自治县', '213'), ('1923', '清新县', '213'), ('1924', '英德市', '213'), ('1925', '连州市', '213'), ('1926', '南城区', '214'), ('1927', '石龙镇', '214'), ('1928', '长安镇', '214'), ('1929', '虎门镇', '214'), ('1930', '横沥镇', '214'), ('1931', '寮步镇', '214'), ('1932', '黄江镇', '214'), ('1933', '清溪镇', '214'), ('1934', '莞城区', '214'), ('1935', '万江区', '214'), ('1936', '东城区', '214'), ('1937', '石碣镇', '214'), ('1938', '茶山镇', '214'), ('1939', '石排镇', '214'), ('1940', '企石镇', '214'), ('1941', '桥头镇', '214'), ('1942', '谢岗镇', '214'), ('1943', '东坑镇', '214'), ('1944', '常平镇', '214'), ('1945', '大朗镇', '214'), ('1946', '塘厦镇', '214'), ('1947', '凤岗镇', '214'), ('1948', '厚街镇', '214'), ('1949', '沙田镇', '214'), ('1950', '道滘镇', '214'), ('1951', '洪梅镇', '214'), ('1952', '麻涌镇', '214'), ('1953', '中堂镇', '214'), ('1954', '高埗镇', '214'), ('1955', '樟木头镇', '214'), ('1956', '大岭山镇', '214'), ('1957', '望牛墩镇', '214'), ('1958', '中山市', '215'), ('1959', '湘桥区', '216'), ('1960', '潮安县', '216'), ('1961', '饶平县', '216'), ('1962', '榕城区', '217'), ('1963', '揭东县', '217'), ('1964', '揭西县', '217'), ('1965', '惠来县', '217'), ('1966', '普宁市', '217'), ('1967', '东山区', '217'), ('1968', '普侨区', '217'), ('1969', '大南山侨区', '217'), ('1970', '云城区', '218'), ('1971', '新兴县', '218'), ('1972', '郁南县', '218'), ('1973', '云安县', '218'), ('1974', '罗定市', '218'), ('1975', '兴宁区', '219'), ('1976', '青秀区', '219'), ('1977', '江南区', '219'), ('1978', '西乡塘区', '219'), ('1979', '良庆区', '219'), ('1980', '邕宁区', '219'), ('1981', '武鸣县', '219'), ('1982', '隆安县', '219'), ('1983', '马山县', '219'), ('1984', '上林县', '219'), ('1985', '宾阳县', '219'), ('1986', '横县', '219'), ('1987', '城中区', '220'), ('1988', '鱼峰区', '220'), ('1989', '柳南区', '220'), ('1990', '柳北区', '220'), ('1991', '柳江县', '220'), ('1992', '柳城县', '220'), ('1993', '鹿寨县', '220'), ('1994', '融安县', '220'), ('1995', '融水苗族自治县', '220'), ('1996', '三江侗族自治县', '220'), ('1997', '秀峰区', '221'), ('1998', '叠彩区', '221'), ('1999', '象山区', '221'), ('2000', '七星区', '221'), ('2001', '雁山区', '221'), ('2002', '阳朔县', '221'), ('2003', '临桂县', '221'), ('2004', '灵川县', '221'), ('2005', '全州县', '221'), ('2006', '兴安县', '221'), ('2007', '永福县', '221'), ('2008', '灌阳县', '221'), ('2009', '龙胜各族自治县', '221'), ('2010', '资源县', '221'), ('2011', '平乐县', '221'), ('2012', '荔浦县', '221'), ('2013', '恭城瑶族自治县', '221'), ('2014', '万秀区', '222'), ('2015', '蝶山区', '222'), ('2016', '长洲区', '222'), ('2017', '苍梧县', '222'), ('2018', '藤县', '222'), ('2019', '蒙山县', '222'), ('2020', '岑溪市', '222'), ('2021', '海城区', '223'), ('2022', '银海区', '223'), ('2023', '铁山港区', '223'), ('2024', '合浦县', '223'), ('2025', '港口区', '224'), ('2026', '防城区', '224'), ('2027', '上思县', '224'), ('2028', '东兴市', '224'), ('2029', '钦南区', '225'), ('2030', '钦北区', '225'), ('2031', '灵山县', '225'), ('2032', '浦北县', '225'), ('2033', '钦州港经济开发区', '225'), ('2034', '港北区', '226'), ('2035', '港南区', '226'), ('2036', '覃塘区', '226'), ('2037', '平南县', '226'), ('2038', '桂平市', '226'), ('2039', '玉州区', '227'), ('2040', '容县', '227'), ('2041', '陆川县', '227'), ('2042', '博白县', '227'), ('2043', '兴业县', '227'), ('2044', '北流市', '227'), ('2045', '右江区', '228'), ('2046', '田阳县', '228'), ('2047', '田东县', '228'), ('2048', '平果县', '228'), ('2049', '德保县', '228'), ('2050', '靖西县', '228'), ('2051', '那坡县', '228'), ('2052', '凌云县', '228'), ('2053', '乐业县', '228'), ('2054', '田林县', '228'), ('2055', '西林县', '228'), ('2056', '隆林各族自治县', '228'), ('2057', '八步区', '229'), ('2058', '昭平县', '229'), ('2059', '钟山县', '229'), ('2060', '富川瑶族自治县', '229'), ('2061', '金城江区', '230'), ('2062', '南丹县', '230'), ('2063', '天峨县', '230'), ('2064', '凤山县', '230'), ('2065', '东兰县', '230'), ('2066', '罗城仫佬族自治县', '230'), ('2067', '环江毛南族自治县', '230'), ('2068', '巴马瑶族自治县', '230'), ('2069', '都安瑶族自治县', '230'), ('2070', '大化瑶族自治县', '230'), ('2071', '宜州市', '230'), ('2072', '兴宾区', '231'), ('2073', '忻城县', '231'), ('2074', '象州县', '231'), ('2075', '武宣县', '231'), ('2076', '金秀瑶族自治县', '231'), ('2077', '合山市', '231'), ('2078', '江洲区', '232'), ('2079', '扶绥县', '232'), ('2080', '宁明县', '232'), ('2081', '龙州县', '232'), ('2082', '大新县', '232'), ('2083', '天等县', '232'), ('2084', '凭祥市', '232'), ('2085', '秀英区', '233'), ('2086', '龙华区', '233'), ('2087', '琼山区', '233'), ('2088', '美兰区', '233'), ('2089', '河西区', '234'), ('2090', '河东区', '234'), ('2091', '田独镇', '234'), ('2092', '凤凰镇', '234'), ('2093', '三亚市', '234'), ('2094', '崖城镇', '234'), ('2095', '天涯镇', '234'), ('2096', '育才乡', '234'), ('2097', '海棠湾镇', '234'), ('2115', '万州区', '236'), ('2116', '涪陵区', '236'), ('2117', '渝中区', '236'), ('2118', '大渡口区', '236'), ('2119', '江北区', '236'), ('2120', '沙坪坝区', '236'), ('2121', '九龙坡区', '236'), ('2122', '南岸区', '236'), ('2123', '北碚区', '236'), ('2124', '万盛区', '236'), ('2125', '双桥区', '236'), ('2126', '渝北区', '236'), ('2127', '巴南区', '236'), ('2128', '黔江区', '236'), ('2129', '长寿区', '236'), ('2130', '綦江县', '236'), ('2131', '潼南县', '236'), ('2132', '铜梁县', '236'), ('2133', '大足县', '236'), ('2134', '荣昌县', '236'), ('2135', '璧山县', '236'), ('2136', '梁平县', '236'), ('2137', '城口县', '236'), ('2138', '丰都县', '236'), ('2139', '垫江县', '236'), ('2140', '武隆县', '236'), ('2141', '忠县', '236'), ('2142', '开县', '236'), ('2143', '云阳县', '236'), ('2144', '奉节县', '236'), ('2145', '巫山县', '236'), ('2146', '巫溪县', '236'), ('2147', '石柱土家族自治县', '236'), ('2148', '秀山土家族苗族自治县', '236'), ('2149', '酉阳土家族苗族自治县', '236'), ('2150', '彭水苗族土家族自治县', '236'), ('2151', '高新区', '236'), ('2152', '江津区', '236'), ('2153', '合川区', '236'), ('2154', '永川区', '236'), ('2155', '南川区', '236'), ('2156', '锦江区', '237'), ('2157', '青羊区', '237'), ('2158', '金牛区', '237'), ('2159', '武侯区', '237'), ('2160', '成华区', '237'), ('2161', '龙泉驿区', '237'), ('2162', '青白江区', '237'), ('2163', '新都区', '237'), ('2164', '温江区', '237'), ('2165', '金堂县', '237'), ('2166', '双流县', '237'), ('2167', '郫县', '237'), ('2168', '大邑县', '237'), ('2169', '蒲江县', '237'), ('2170', '新津县', '237'), ('2171', '都江堰市', '237'), ('2172', '彭州市', '237'), ('2173', '邛崃市', '237'), ('2174', '崇州市', '237'), ('2175', '高新区', '237'), ('2176', '高新西区', '237'), ('2177', '自流井区', '238'), ('2178', '贡井区', '238'), ('2179', '大安区', '238'), ('2180', '沿滩区', '238'), ('2181', '荣县', '238'), ('2182', '富顺县', '238'), ('2183', '东区', '239'), ('2184', '西区', '239'), ('2185', '仁和区', '239'), ('2186', '米易县', '239'), ('2187', '盐边县', '239'), ('2188', '江阳区', '240'), ('2189', '纳溪区', '240'), ('2190', '龙马潭区', '240'), ('2191', '泸县', '240'), ('2192', '合江县', '240'), ('2193', '叙永县', '240'), ('2194', '古蔺县', '240'), ('2195', '旌阳区', '241'), ('2196', '中江县', '241'), ('2197', '罗江县', '241'), ('2198', '广汉市', '241'), ('2199', '什邡市', '241'), ('2200', '绵竹市', '241'), ('2201', '涪城区', '242'), ('2202', '游仙区', '242'), ('2203', '三台县', '242'), ('2204', '盐亭县', '242'), ('2205', '安县', '242'), ('2206', '梓潼县', '242'), ('2207', '北川羌族自治县', '242'), ('2208', '平武县', '242'), ('2209', '江油市', '242'), ('2210', '农科区', '242'), ('2211', '经济技术开发区', '242'), ('2212', '高新区', '242'), ('2213', '仙海区', '242'), ('2214', '利州区', '243'), ('2215', '元坝区', '243'), ('2216', '朝天区', '243'), ('2217', '旺苍县', '243'), ('2218', '青川县', '243'), ('2219', '剑阁县', '243'), ('2220', '苍溪县', '243'), ('2221', '船山区', '244'), ('2222', '安居区', '244'), ('2223', '蓬溪县', '244'), ('2224', '射洪县', '244'), ('2225', '大英县', '244'), ('2226', '市中区', '245'), ('2227', '东兴区', '245'), ('2228', '威远县', '245'), ('2229', '资中县', '245'), ('2230', '隆昌县', '245'), ('2231', '市中区', '246'), ('2232', '沙湾区', '246'), ('2233', '五通桥区', '246'), ('2234', '金口河区', '246'), ('2235', '犍为县', '246'), ('2236', '井研县', '246'), ('2237', '夹江县', '246'), ('2238', '沐川县', '246'), ('2239', '峨边彝族自治县', '246'), ('2240', '马边彝族自治县', '246'), ('2241', '峨眉山市', '246'), ('2242', '顺庆区', '247'), ('2243', '高坪区', '247'), ('2244', '嘉陵区', '247'), ('2245', '南部县', '247'), ('2246', '营山县', '247'), ('2247', '蓬安县', '247'), ('2248', '仪陇县', '247'), ('2249', '西充县', '247'), ('2250', '阆中市', '247'), ('2251', '东坡区', '248'), ('2252', '仁寿县', '248'), ('2253', '彭山县', '248'), ('2254', '洪雅县', '248'), ('2255', '丹棱县', '248'), ('2256', '青神县', '248'), ('2257', '翠屏区', '249'), ('2258', '宜宾县', '249'), ('2259', '南溪县', '249'), ('2260', '江安县', '249'), ('2261', '长宁县', '249'), ('2262', '高县', '249'), ('2263', '珙县', '249'), ('2264', '筠连县', '249'), ('2265', '兴文县', '249'), ('2266', '屏山县', '249'), ('2267', '广安区', '250'), ('2268', '岳池县', '250'), ('2269', '武胜县', '250'), ('2270', '邻水县', '250'), ('2271', '华蓥市', '250'), ('2272', '通川区', '251'), ('2273', '达县', '251'), ('2274', '宣汉县', '251'), ('2275', '开江县', '251'), ('2276', '大竹县', '251'), ('2277', '渠县', '251'), ('2278', '万源市', '251'), ('2279', '雨城区', '252'), ('2280', '名山县', '252'), ('2281', '荥经县', '252'), ('2282', '汉源县', '252'), ('2283', '石棉县', '252'), ('2284', '天全县', '252'), ('2285', '芦山县', '252'), ('2286', '宝兴县', '252'), ('2287', '巴州区', '253'), ('2288', '通江县', '253'), ('2289', '南江县', '253'), ('2290', '平昌县', '253'), ('2291', '雁江区', '254'), ('2292', '安岳县', '254'), ('2293', '乐至县', '254'), ('2294', '简阳市', '254'), ('2295', '汶川县', '255'), ('2296', '理县', '255'), ('2297', '茂县', '255'), ('2298', '松潘县', '255'), ('2299', '九寨沟县', '255'), ('2300', '金川县', '255'), ('2301', '小金县', '255'), ('2302', '黑水县', '255'), ('2303', '马尔康县', '255'), ('2304', '壤塘县', '255'), ('2305', '阿坝县', '255'), ('2306', '若尔盖县', '255'), ('2307', '红原县', '255'), ('2308', '康定县', '256'), ('2309', '泸定县', '256'), ('2310', '丹巴县', '256'), ('2311', '九龙县', '256'), ('2312', '雅江县', '256'), ('2313', '道孚县', '256'), ('2314', '炉霍县', '256'), ('2315', '甘孜县', '256'), ('2316', '新龙县', '256'), ('2317', '德格县', '256'), ('2318', '白玉县', '256'), ('2319', '石渠县', '256'), ('2320', '色达县', '256'), ('2321', '理塘县', '256'), ('2322', '巴塘县', '256'), ('2323', '乡城县', '256'), ('2324', '稻城县', '256'), ('2325', '得荣县', '256'), ('2326', '西昌市', '257'), ('2327', '木里藏族自治县', '257'), ('2328', '盐源县', '257'), ('2329', '德昌县', '257'), ('2330', '会理县', '257'), ('2331', '会东县', '257'), ('2332', '宁南县', '257'), ('2333', '普格县', '257'), ('2334', '布拖县', '257'), ('2335', '金阳县', '257'), ('2336', '昭觉县', '257'), ('2337', '喜德县', '257'), ('2338', '冕宁县', '257'), ('2339', '越西县', '257'), ('2340', '甘洛县', '257'), ('2341', '美姑县', '257'), ('2342', '雷波县', '257'), ('2343', '南明区', '258'), ('2344', '云岩区', '258'), ('2345', '花溪区', '258'), ('2346', '乌当区', '258'), ('2347', '白云区', '258'), ('2348', '小河区', '258'), ('2349', '开阳县', '258'), ('2350', '息烽县', '258'), ('2351', '修文县', '258'), ('2352', '清镇市', '258'), ('2353', '金阳新区', '258'), ('2354', '钟山区', '259'), ('2355', '六枝特区', '259'), ('2356', '水城县', '259'), ('2357', '盘县', '259'), ('2358', '红花岗区', '260'), ('2359', '汇川区', '260'), ('2360', '遵义县', '260'), ('2361', '桐梓县', '260'), ('2362', '绥阳县', '260'), ('2363', '正安县', '260'), ('2364', '道真仡佬族苗族自治县', '260'), ('2365', '务川仡佬族苗族自治县', '260'), ('2366', '凤冈县', '260'), ('2367', '湄潭县', '260'), ('2368', '余庆县', '260'), ('2369', '习水县', '260'), ('2370', '赤水市', '260'), ('2371', '仁怀市', '260'), ('2372', '西秀区', '261'), ('2373', '平坝县', '261'), ('2374', '普定县', '261'), ('2375', '镇宁布依族苗族自治县', '261'), ('2376', '关岭布依族苗族自治县', '261'), ('2377', '紫云苗族布依族自治县', '261'), ('2378', '铜仁市', '262'), ('2379', '江口县', '262'), ('2380', '玉屏侗族自治县', '262'), ('2381', '石阡县', '262'), ('2382', '思南县', '262'), ('2383', '印江土家族苗族自治县', '262'), ('2384', '德江县', '262'), ('2385', '沿河土家族自治县', '262'), ('2386', '松桃苗族自治县', '262'), ('2387', '万山特区', '262'), ('2388', '兴义市', '263'), ('2389', '兴仁县', '263'), ('2390', '普安县', '263'), ('2391', '晴隆县', '263'), ('2392', '贞丰县', '263'), ('2393', '望谟县', '263'), ('2394', '册亨县', '263'), ('2395', '安龙县', '263'), ('2396', '毕节市', '264'), ('2397', '大方县', '264'), ('2398', '黔西县', '264'), ('2399', '金沙县', '264'), ('2400', '织金县', '264'), ('2401', '纳雍县', '264'), ('2402', '威宁彝族回族苗族自治县', '264'), ('2403', '赫章县', '264'), ('2404', '凯里市', '265'), ('2405', '黄平县', '265'), ('2406', '施秉县', '265'), ('2407', '三穗县', '265'), ('2408', '镇远县', '265'), ('2409', '岑巩县', '265'), ('2410', '天柱县', '265'), ('2411', '锦屏县', '265'), ('2412', '剑河县', '265'), ('2413', '台江县', '265'), ('2414', '黎平县', '265'), ('2415', '榕江县', '265'), ('2416', '从江县', '265'), ('2417', '雷山县', '265'), ('2418', '麻江县', '265'), ('2419', '丹寨县', '265'), ('2420', '都匀市', '266'), ('2421', '福泉市', '266'), ('2422', '荔波县', '266'), ('2423', '贵定县', '266'), ('2424', '瓮安县', '266'), ('2425', '独山县', '266'), ('2426', '平塘县', '266'), ('2427', '罗甸县', '266'), ('2428', '长顺县', '266'), ('2429', '龙里县', '266'), ('2430', '惠水县', '266'), ('2431', '三都水族自治县', '266'), ('2432', '五华区', '267'), ('2433', '盘龙区', '267'), ('2434', '官渡区', '267'), ('2435', '西山区', '267'), ('2436', '东川区', '267'), ('2437', '呈贡县', '267'), ('2438', '晋宁县', '267'), ('2439', '富民县', '267'), ('2440', '宜良县', '267'), ('2441', '石林彝族自治县', '267'), ('2442', '嵩明县', '267'), ('2443', '禄劝彝族苗族自治县', '267'), ('2444', '寻甸回族彝族自治县', '267'), ('2445', '安宁市', '267'), ('2446', '麒麟区', '268'), ('2447', '马龙县', '268'), ('2448', '陆良县', '268'), ('2449', '师宗县', '268'), ('2450', '罗平县', '268'), ('2451', '富源县', '268'), ('2452', '会泽县', '268'), ('2453', '沾益县', '268'), ('2454', '宣威市', '268'), ('2455', '红塔区', '269'), ('2456', '江川县', '269'), ('2457', '澄江县', '269'), ('2458', '通海县', '269'), ('2459', '华宁县', '269'), ('2460', '易门县', '269'), ('2461', '峨山彝族自治县', '269'), ('2462', '新平彝族傣族自治县', '269'), ('2463', '元江哈尼族彝族傣族自治县', '269'), ('2464', '隆阳区', '270'), ('2465', '施甸县', '270'), ('2466', '腾冲县', '270'), ('2467', '龙陵县', '270'), ('2468', '昌宁县', '270'), ('2469', '昭阳区', '271'), ('2470', '鲁甸县', '271'), ('2471', '巧家县', '271'), ('2472', '盐津县', '271'), ('2473', '大关县', '271'), ('2474', '永善县', '271'), ('2475', '绥江县', '271'), ('2476', '镇雄县', '271'), ('2477', '彝良县', '271'), ('2478', '威信县', '271'), ('2479', '水富县', '271'), ('2480', '古城区', '272'), ('2481', '玉龙纳西族自治县', '272'), ('2482', '永胜县', '272'), ('2483', '华坪县', '272'), ('2484', '宁蒗彝族自治县', '272'), ('2485', '思茅区', '273'), ('2486', '宁洱哈尼族彝族自治县', '273'), ('2487', '墨江哈尼族自治县', '273'), ('2488', '景东彝族自治县', '273'), ('2489', '景谷傣族彝族自治县', '273'), ('2490', '镇沅彝族哈尼族拉祜族自治县', '273'), ('2491', '江城哈尼族彝族自治县', '273'), ('2492', '孟连傣族拉祜族佤族自治县', '273'), ('2493', '澜沧拉祜族自治县', '273'), ('2494', '西盟佤族自治县', '273'), ('2495', '临翔区', '274'), ('2496', '凤庆县', '274'), ('2497', '云县', '274'), ('2498', '永德县', '274'), ('2499', '镇康县', '274'), ('2500', '双江拉祜族佤族布朗族傣族自治县', '274'), ('2501', '耿马傣族佤族自治县', '274'), ('2502', '沧源佤族自治县', '274'), ('2503', '楚雄市', '275'), ('2504', '双柏县', '275'), ('2505', '牟定县', '275'), ('2506', '南华县', '275'), ('2507', '姚安县', '275'), ('2508', '大姚县', '275'), ('2509', '永仁县', '275'), ('2510', '元谋县', '275'), ('2511', '武定县', '275'), ('2512', '禄丰县', '275'), ('2513', '个旧市', '276'), ('2514', '开远市', '276'), ('2515', '蒙自县', '276'), ('2516', '屏边苗族自治县', '276'), ('2517', '建水县', '276'), ('2518', '石屏县', '276'), ('2519', '弥勒县', '276'), ('2520', '泸西县', '276'), ('2521', '元阳县', '276'), ('2522', '红河县', '276'), ('2523', '金平苗族瑶族傣族自治县', '276'), ('2524', '绿春县', '276'), ('2525', '河口瑶族自治县', '276'), ('2526', '文山县', '277'), ('2527', '砚山县', '277'), ('2528', '西畴县', '277'), ('2529', '麻栗坡县', '277'), ('2530', '马关县', '277'), ('2531', '丘北县', '277'), ('2532', '广南县', '277'), ('2533', '富宁县', '277'), ('2534', '景洪市', '278'), ('2535', '勐海县', '278'), ('2536', '勐腊县', '278'), ('2537', '大理市', '279'), ('2538', '漾濞彝族自治县', '279'), ('2539', '祥云县', '279'), ('2540', '宾川县', '279'), ('2541', '弥渡县', '279'), ('2542', '南涧彝族自治县', '279'), ('2543', '巍山彝族回族自治县', '279'), ('2544', '永平县', '279'), ('2545', '云龙县', '279'), ('2546', '洱源县', '279'), ('2547', '剑川县', '279'), ('2548', '鹤庆县', '279'), ('2549', '瑞丽市', '280'), ('2550', '潞西市', '280'), ('2551', '梁河县', '280'), ('2552', '盈江县', '280'), ('2553', '陇川县', '280'), ('2554', '泸水县', '281'), ('2555', '福贡县', '281'), ('2556', '贡山独龙族怒族自治县', '281'), ('2557', '兰坪白族普米族自治县', '281'), ('2558', '香格里拉县', '282'), ('2559', '德钦县', '282'), ('2560', '维西傈僳族自治县', '282'), ('2561', '城关区', '283'), ('2562', '林周县', '283'), ('2563', '当雄县', '283'), ('2564', '尼木县', '283'), ('2565', '曲水县', '283'), ('2566', '堆龙德庆县', '283'), ('2567', '达孜县', '283'), ('2568', '墨竹工卡县', '283'), ('2569', '昌都县', '284'), ('2570', '江达县', '284'), ('2571', '贡觉县', '284'), ('2572', '类乌齐县', '284'), ('2573', '丁青县', '284'), ('2574', '察雅县', '284'), ('2575', '八宿县', '284'), ('2576', '左贡县', '284'), ('2577', '芒康县', '284'), ('2578', '洛隆县', '284'), ('2579', '边坝县', '284'), ('2580', '乃东县', '285'), ('2581', '扎囊县', '285'), ('2582', '贡嘎县', '285'), ('2583', '桑日县', '285'), ('2584', '琼结县', '285'), ('2585', '曲松县', '285'), ('2586', '措美县', '285'), ('2587', '洛扎县', '285'), ('2588', '加查县', '285'), ('2589', '隆子县', '285'), ('2590', '错那县', '285'), ('2591', '浪卡子县', '285'), ('2592', '日喀则市', '286'), ('2593', '南木林县', '286'), ('2594', '江孜县', '286'), ('2595', '定日县', '286'), ('2596', '萨迦县', '286'), ('2597', '拉孜县', '286'), ('2598', '昂仁县', '286'), ('2599', '谢通门县', '286'), ('2600', '白朗县', '286'), ('2601', '仁布县', '286'), ('2602', '康马县', '286'), ('2603', '定结县', '286'), ('2604', '仲巴县', '286'), ('2605', '亚东县', '286'), ('2606', '吉隆县', '286'), ('2607', '聂拉木县', '286'), ('2608', '萨嘎县', '286'), ('2609', '岗巴县', '286'), ('2610', '那曲县', '287'), ('2611', '嘉黎县', '287'), ('2612', '比如县', '287'), ('2613', '聂荣县', '287'), ('2614', '安多县', '287'), ('2615', '申扎县', '287'), ('2616', '索县', '287'), ('2617', '班戈县', '287'), ('2618', '巴青县', '287'), ('2619', '尼玛县', '287'), ('2620', '普兰县', '288'), ('2621', '札达县', '288'), ('2622', '噶尔县', '288'), ('2623', '日土县', '288'), ('2624', '革吉县', '288'), ('2625', '改则县', '288'), ('2626', '措勤县', '288'), ('2627', '林芝县', '289'), ('2628', '工布江达县', '289'), ('2629', '米林县', '289'), ('2630', '墨脱县', '289'), ('2631', '波密县', '289'), ('2632', '察隅县', '289'), ('2633', '朗县', '289'), ('2634', '新城区', '290'), ('2635', '碑林区', '290'), ('2636', '莲湖区', '290'), ('2637', '灞桥区', '290'), ('2638', '未央区', '290'), ('2639', '雁塔区', '290'), ('2640', '阎良区', '290'), ('2641', '临潼区', '290'), ('2642', '长安区', '290'), ('2643', '蓝田县', '290'), ('2644', '周至县', '290'), ('2645', '户县', '290'), ('2646', '高陵县', '290'), ('2647', '高新区', '290'), ('2648', '王益区', '291'), ('2649', '印台区', '291'), ('2650', '耀州区', '291'), ('2651', '宜君县', '291'), ('2652', '新区', '291'), ('2653', '渭滨区', '292'), ('2654', '金台区', '292'), ('2655', '陈仓区', '292'), ('2656', '凤翔县', '292'), ('2657', '岐山县', '292'), ('2658', '扶风县', '292'), ('2659', '眉县', '292'), ('2660', '陇县', '292'), ('2661', '千阳县', '292'), ('2662', '麟游县', '292'), ('2663', '凤县', '292'), ('2664', '太白县', '292'), ('2665', '秦都区', '293'), ('2666', '渭城区', '293'), ('2667', '杨陵区', '293'), ('2668', '三原县', '293'), ('2669', '泾阳县', '293'), ('2670', '兴平市', '293'), ('2671', '乾县', '293'), ('2672', '礼泉县', '293'), ('2673', '永寿县', '293'), ('2674', '彬县', '293'), ('2675', '长武县', '293'), ('2676', '旬邑县', '293'), ('2677', '淳化县', '293'), ('2678', '武功县', '293'), ('2679', '临渭区', '294'), ('2680', '华县', '294'), ('2681', '潼关县', '294'), ('2682', '大荔县', '294'), ('2683', '合阳县', '294'), ('2684', '澄城县', '294'), ('2685', '蒲城县', '294'), ('2686', '白水县', '294'), ('2687', '富平县', '294'), ('2688', '韩城市', '294'), ('2689', '华阴市', '294'), ('2690', '宝塔区', '295'), ('2691', '延长县', '295'), ('2692', '延川县', '295'), ('2693', '子长县', '295'), ('2694', '安塞县', '295'), ('2695', '志丹县', '295'), ('2696', '吴旗县', '295'), ('2697', '甘泉县', '295'), ('2698', '富县', '295'), ('2699', '洛川县', '295'), ('2700', '宜川县', '295'), ('2701', '黄龙县', '295'), ('2702', '黄陵县', '295'), ('2703', '汉台区', '296'), ('2704', '南郑县', '296'), ('2705', '城固县', '296'), ('2706', '洋县', '296'), ('2707', '西乡县', '296'), ('2708', '勉县', '296'), ('2709', '宁强县', '296'), ('2710', '略阳县', '296'), ('2711', '镇巴县', '296'), ('2712', '留坝县', '296'), ('2713', '佛坪县', '296'), ('2714', '经济开发区', '296'), ('2715', '榆阳区', '297'), ('2716', '神木县', '297'), ('2717', '府谷县', '297'), ('2718', '横山县', '297'), ('2719', '靖边县', '297'), ('2720', '定边县', '297'), ('2721', '绥德县', '297'), ('2722', '米脂县', '297'), ('2723', '佳县', '297'), ('2724', '吴堡县', '297'), ('2725', '清涧县', '297'), ('2726', '子洲县', '297'), ('2727', '汉滨区', '298'), ('2728', '汉阴县', '298'), ('2729', '石泉县', '298'), ('2730', '宁陕县', '298'), ('2731', '紫阳县', '298'), ('2732', '岚皋县', '298'), ('2733', '平利县', '298'), ('2734', '镇坪县', '298'), ('2735', '旬阳县', '298'), ('2736', '白河县', '298'), ('2737', '商州区', '299'), ('2738', '洛南县', '299'), ('2739', '丹凤县', '299'), ('2740', '商南县', '299'), ('2741', '山阳县', '299'), ('2742', '镇安县', '299'), ('2743', '柞水县', '299'), ('2744', '城关区', '300'), ('2745', '七里河区', '300'), ('2746', '西固区', '300'), ('2747', '安宁区', '300'), ('2748', '红古区', '300'), ('2749', '永登县', '300'), ('2750', '皋兰县', '300'), ('2751', '榆中县', '300'), ('2752', '嘉峪关市', '301'), ('2753', '金川区', '302'), ('2754', '永昌县', '302'), ('2755', '白银区', '303'), ('2756', '平川区', '303'), ('2757', '靖远县', '303'), ('2758', '会宁县', '303'), ('2759', '景泰县', '303'), ('2760', '秦州区', '304'), ('2761', '麦积区', '304'), ('2762', '清水县', '304'), ('2763', '秦安县', '304'), ('2764', '甘谷县', '304'), ('2765', '武山县', '304'), ('2766', '张家川回族自治县', '304'), ('2767', '凉州区', '305'), ('2768', '民勤县', '305'), ('2769', '古浪县', '305'), ('2770', '天祝藏族自治县', '305'), ('2771', '甘州区', '306'), ('2772', '肃南裕固族自治县', '306'), ('2773', '民乐县', '306'), ('2774', '临泽县', '306'), ('2775', '高台县', '306'), ('2776', '山丹县', '306'), ('2777', '崆峒区', '307'), ('2778', '泾川县', '307'), ('2779', '灵台县', '307'), ('2780', '崇信县', '307'), ('2781', '华亭县', '307'), ('2782', '庄浪县', '307'), ('2783', '静宁县', '307'), ('2784', '肃州区', '308'), ('2785', '金塔县', '308'), ('2786', '安西县', '308'), ('2787', '肃北蒙古族自治县', '308'), ('2788', '阿克塞哈萨克族自治县', '308'), ('2789', '玉门市', '308'), ('2790', '敦煌市', '308'), ('2791', '西峰区', '309'), ('2792', '庆城县', '309'), ('2793', '环县', '309'), ('2794', '华池县', '309'), ('2795', '合水县', '309'), ('2796', '正宁县', '309'), ('2797', '宁县', '309'), ('2798', '镇原县', '309'), ('2799', '安定区', '310'), ('2800', '通渭县', '310'), ('2801', '陇西县', '310'), ('2802', '渭源县', '310'), ('2803', '临洮县', '310'), ('2804', '漳县', '310'), ('2805', '岷县', '310'), ('2806', '武都区', '311'), ('2807', '成县', '311'), ('2808', '文县', '311'), ('2809', '宕昌县', '311'), ('2810', '康县', '311'), ('2811', '西和县', '311'), ('2812', '礼县', '311');
INSERT INTO `area` VALUES ('2813', '徽县', '311'), ('2814', '两当县', '311'), ('2815', '临夏市', '312'), ('2816', '临夏县', '312'), ('2817', '康乐县', '312'), ('2818', '永靖县', '312'), ('2819', '广河县', '312'), ('2820', '和政县', '312'), ('2821', '东乡族自治县', '312'), ('2822', '积石山保安族东乡族撒拉族自治县', '312'), ('2823', '合作市', '313'), ('2824', '临潭县', '313'), ('2825', '卓尼县', '313'), ('2826', '舟曲县', '313'), ('2827', '迭部县', '313'), ('2828', '玛曲县', '313'), ('2829', '碌曲县', '313'), ('2830', '夏河县', '313'), ('2831', '城东区', '314'), ('2832', '城中区', '314'), ('2833', '城西区', '314'), ('2834', '城北区', '314'), ('2835', '大通回族土族自治县', '314'), ('2836', '湟中县', '314'), ('2837', '湟源县', '314'), ('2838', '平安县', '315'), ('2839', '民和回族土族自治县', '315'), ('2840', '乐都县', '315'), ('2841', '互助土族自治县', '315'), ('2842', '化隆回族自治县', '315'), ('2843', '循化撒拉族自治县', '315'), ('2844', '门源回族自治县', '316'), ('2845', '祁连县', '316'), ('2846', '海晏县', '316'), ('2847', '刚察县', '316'), ('2848', '同仁县', '317'), ('2849', '尖扎县', '317'), ('2850', '泽库县', '317'), ('2851', '河南蒙古族自治县', '317'), ('2852', '共和县', '318'), ('2853', '同德县', '318'), ('2854', '贵德县', '318'), ('2855', '兴海县', '318'), ('2856', '贵南县', '318'), ('2857', '玛沁县', '319'), ('2858', '班玛县', '319'), ('2859', '甘德县', '319'), ('2860', '达日县', '319'), ('2861', '久治县', '319'), ('2862', '玛多县', '319'), ('2863', '玉树县', '320'), ('2864', '杂多县', '320'), ('2865', '称多县', '320'), ('2866', '治多县', '320'), ('2867', '囊谦县', '320'), ('2868', '曲麻莱县', '320'), ('2869', '格尔木市', '321'), ('2870', '德令哈市', '321'), ('2871', '乌兰县', '321'), ('2872', '都兰县', '321'), ('2873', '天峻县', '321'), ('2874', '大柴旦行委', '321'), ('2875', '兴庆区', '322'), ('2876', '西夏区', '322'), ('2877', '金凤区', '322'), ('2878', '永宁县', '322'), ('2879', '贺兰县', '322'), ('2880', '灵武市', '322'), ('2881', '大武口区', '323'), ('2882', '惠农区', '323'), ('2883', '平罗县', '323'), ('2884', '利通区', '324'), ('2885', '盐池县', '324'), ('2886', '同心县', '324'), ('2887', '青铜峡市', '324'), ('2888', '原州区', '325'), ('2889', '西吉县', '325'), ('2890', '隆德县', '325'), ('2891', '泾源县', '325'), ('2892', '彭阳县', '325'), ('2893', '沙坡头区', '326'), ('2894', '中宁县', '326'), ('2895', '海原县', '326'), ('2896', '天山区', '327'), ('2897', '沙依巴克区', '327'), ('2898', '新市区', '327'), ('2899', '水磨沟区', '327'), ('2900', '头屯河区', '327'), ('2901', '达坂城区', '327'), ('2902', '米东区', '327'), ('2903', '乌鲁木齐县', '327'), ('2904', '独山子区', '328'), ('2905', '克拉玛依区', '328'), ('2906', '白碱滩区', '328'), ('2907', '乌尔禾区', '328'), ('2908', '吐鲁番市', '329'), ('2909', '鄯善县', '329'), ('2910', '托克逊县', '329'), ('2911', '哈密市', '330'), ('2912', '巴里坤哈萨克自治县', '330'), ('2913', '伊吾县', '330'), ('2914', '昌吉市', '331'), ('2915', '阜康市', '331'), ('2916', '米泉市', '331'), ('2917', '呼图壁县', '331'), ('2918', '玛纳斯县', '331'), ('2919', '奇台县', '331'), ('2920', '吉木萨尔县', '331'), ('2921', '木垒哈萨克自治县', '331'), ('2922', '博乐市', '332'), ('2923', '精河县', '332'), ('2924', '温泉县', '332'), ('2925', '库尔勒市', '333'), ('2926', '轮台县', '333'), ('2927', '尉犁县', '333'), ('2928', '若羌县', '333'), ('2929', '且末县', '333'), ('2930', '焉耆回族自治县', '333'), ('2931', '和静县', '333'), ('2932', '和硕县', '333'), ('2933', '博湖县', '333'), ('2934', '阿克苏市', '334'), ('2935', '温宿县', '334'), ('2936', '库车县', '334'), ('2937', '沙雅县', '334'), ('2938', '新和县', '334'), ('2939', '拜城县', '334'), ('2940', '乌什县', '334'), ('2941', '阿瓦提县', '334'), ('2942', '柯坪县', '334'), ('2943', '阿图什市', '335'), ('2944', '阿克陶县', '335'), ('2945', '阿合奇县', '335'), ('2946', '乌恰县', '335'), ('2947', '喀什市', '336'), ('2948', '疏附县', '336'), ('2949', '疏勒县', '336'), ('2950', '英吉沙县', '336'), ('2951', '泽普县', '336'), ('2952', '莎车县', '336'), ('2953', '叶城县', '336'), ('2954', '麦盖提县', '336'), ('2955', '岳普湖县', '336'), ('2956', '伽师县', '336'), ('2957', '巴楚县', '336'), ('2958', '塔什库尔干塔吉克自治县', '336'), ('2959', '和田市', '337'), ('2960', '和田县', '337'), ('2961', '墨玉县', '337'), ('2962', '皮山县', '337'), ('2963', '洛浦县', '337'), ('2964', '策勒县', '337'), ('2965', '于田县', '337'), ('2966', '民丰县', '337'), ('2967', '伊宁市', '338'), ('2968', '奎屯市', '338'), ('2969', '伊宁县', '338'), ('2970', '察布查尔锡伯自治县', '338'), ('2971', '霍城县', '338'), ('2972', '巩留县', '338'), ('2973', '新源县', '338'), ('2974', '昭苏县', '338'), ('2975', '特克斯县', '338'), ('2976', '尼勒克县', '338'), ('2977', '塔城市', '339'), ('2978', '乌苏市', '339'), ('2979', '额敏县', '339'), ('2980', '沙湾县', '339'), ('2981', '托里县', '339'), ('2982', '裕民县', '339'), ('2983', '和布克赛尔蒙古自治县', '339'), ('2984', '阿勒泰市', '340'), ('2985', '布尔津县', '340'), ('2986', '富蕴县', '340'), ('2987', '福海县', '340'), ('2988', '哈巴河县', '340'), ('2989', '青河县', '340'), ('2990', '吉木乃县', '340'), ('2995', '香港', '342'), ('2996', '澳门', '343'), ('2997', '台湾', '344'), ('2998', '松山湖', '214');
COMMIT;

-- ----------------------------
--  Table structure for `city`
-- ----------------------------
DROP TABLE IF EXISTS `city`;
CREATE TABLE `city` (
  `id` int(10) unsigned NOT NULL AUTO_INCREMENT COMMENT '流水号',
  `province_id` int(10) unsigned DEFAULT NULL COMMENT '省份ID',
  `city_name` varchar(30) DEFAULT NULL COMMENT '城市名称',
  `zip_code` varchar(10) DEFAULT NULL COMMENT '邮政编码',
  PRIMARY KEY (`id`)
) ENGINE=InnoDB AUTO_INCREMENT=345 DEFAULT CHARSET=utf8mb4;

-- ----------------------------
--  Records of `city`
-- ----------------------------
BEGIN;
INSERT INTO `city` VALUES ('1', '1', '北京', '100000'), ('2', '2', '天津', '300000'), ('3', '3', '石家庄', '050000'), ('4', '3', '唐山', '063000'), ('5', '3', '秦皇岛', '066000'), ('6', '3', '邯郸', '056000'), ('7', '3', '邢台', '054000'), ('8', '3', '保定', '071000'), ('9', '3', '张家口', '075000'), ('10', '3', '承德', '067000'), ('11', '3', '沧州', '061000'), ('12', '3', '廊坊', '065000'), ('13', '3', '衡水', '053000'), ('14', '4', '太原', '030000'), ('15', '4', '大同', '037000'), ('16', '4', '阳泉', '045000'), ('17', '4', '长治', '046000'), ('18', '4', '晋城', '048000'), ('19', '4', '朔州', '036000'), ('20', '4', '晋中', '030600'), ('21', '4', '运城', '044000'), ('22', '4', '忻州', '034000'), ('23', '4', '临汾', '041000'), ('24', '4', '吕梁', '033000'), ('25', '5', '呼和浩特', '010000'), ('26', '5', '包头', '014000'), ('27', '5', '乌海', '016000'), ('28', '5', '赤峰', '024000'), ('29', '5', '通辽', '028000'), ('30', '5', '鄂尔多斯', '017000'), ('31', '5', '呼伦贝尔', '021000'), ('32', '5', '巴彦', '015000'), ('33', '5', '乌兰察布', '012000'), ('34', '5', '兴安', '137400'), ('35', '5', '锡林郭勒盟', '026000'), ('36', '5', '阿拉善盟', '750306'), ('37', '6', '沈阳', '110000'), ('38', '6', '大连', '116000'), ('39', '6', '鞍山', '114000'), ('40', '6', '抚顺', '113000'), ('41', '6', '本溪', '117000'), ('42', '6', '丹东', '118000'), ('43', '6', '锦州', '121000'), ('44', '6', '营口', '115000'), ('45', '6', '阜新', '123000'), ('46', '6', '辽阳', '111000'), ('47', '6', '盘锦', '124000'), ('48', '6', '铁岭', '112000'), ('49', '6', '朝阳', '100020'), ('50', '6', '葫芦岛', '125000'), ('51', '7', '长春', '130000'), ('52', '7', '吉林', '132000'), ('53', '7', '四平', '136000'), ('54', '7', '辽源', '136200'), ('55', '7', '通化', '134000'), ('56', '7', '白山', '134300'), ('57', '7', '松原', '138000'), ('58', '7', '白城', '137000'), ('59', '7', '延边', '133000'), ('60', '8', '哈尔滨', '150000'), ('61', '8', '齐齐哈尔', '161000'), ('62', '8', '鸡西', '158100'), ('63', '8', '鹤岗', '154100'), ('64', '8', '双鸭山', '155100'), ('65', '8', '大庆', '163000'), ('66', '8', '伊春', '153000'), ('67', '8', '佳木斯', '154000'), ('68', '8', '七台河', '154600'), ('69', '8', '牡丹江', '157000'), ('70', '8', '黑河', '164300'), ('71', '8', '绥化', '152000'), ('72', '8', '大兴安岭', '165000'), ('73', '9', '上海', '200000'), ('74', '10', '南京', '210000'), ('75', '10', '无锡', '214000'), ('76', '10', '徐州', '221000'), ('77', '10', '常州', '213000'), ('78', '10', '苏州', '215000'), ('79', '10', '南通', '226000'), ('80', '10', '连云港', '222000'), ('81', '10', '淮安', '223001'), ('82', '10', '盐城', '224000'), ('83', '10', '扬州', '225000'), ('84', '10', '镇江', '212000'), ('85', '10', '泰州', '225300'), ('86', '10', '宿迁', '223800'), ('87', '11', '杭州', '310000'), ('88', '11', '宁波', '315000'), ('89', '11', '温州', '325000'), ('90', '11', '嘉兴', '314000'), ('91', '11', '湖州', '313000'), ('92', '11', '绍兴', '312000'), ('93', '11', '金华', '321000'), ('94', '11', '衢州', '324000'), ('95', '11', '舟山', '316000'), ('96', '11', '台州', '318000'), ('97', '11', '丽水', '323000'), ('98', '12', '合肥', '230000'), ('99', '12', '芜湖', '241000'), ('100', '12', '蚌埠', '233000'), ('101', '12', '淮南', '232000'), ('102', '12', '马鞍山', '243000'), ('103', '12', '淮北', '235000'), ('104', '12', '铜陵', '244000'), ('105', '12', '安庆', '246000'), ('106', '12', '黄山', '242700'), ('107', '12', '滁州', '239000'), ('108', '12', '阜阳', '236000'), ('109', '12', '宿州', '234000'), ('110', '12', '巢湖', '238000'), ('111', '12', '六安', '237000'), ('112', '12', '亳州', '236000'), ('113', '12', '池州', '247100'), ('114', '12', '宣城', '242000'), ('115', '13', '福州', '350000'), ('116', '13', '厦门', '361000'), ('117', '13', '莆田', '351100'), ('118', '13', '三明', '365000'), ('119', '13', '泉州', '362000'), ('120', '13', '漳州', '363000'), ('121', '13', '南平', '353000'), ('122', '13', '龙岩', '364000'), ('123', '13', '宁德', '352000'), ('124', '14', '南昌', '330000'), ('125', '14', '景德镇', '333000'), ('126', '14', '萍乡', '337000'), ('127', '14', '九江', '332000'), ('128', '14', '新余', '338000'), ('129', '14', '鹰潭', '335000'), ('130', '14', '赣州', '341000'), ('131', '14', '吉安', '343000'), ('132', '14', '宜春', '336000'), ('133', '14', '抚州', '344000'), ('134', '14', '上饶', '334000'), ('135', '15', '济南', '250000'), ('136', '15', '青岛', '266000'), ('137', '15', '淄博', '255000'), ('138', '15', '枣庄', '277000'), ('139', '15', '东营', '257000'), ('140', '15', '烟台', '264000'), ('141', '15', '潍坊', '261000'), ('142', '15', '济宁', '272000'), ('143', '15', '泰安', '271000'), ('144', '15', '威海', '264200'), ('145', '15', '日照', '276800'), ('146', '15', '莱芜', '271100'), ('147', '15', '临沂', '276000'), ('148', '15', '德州', '253000'), ('149', '15', '聊城', '252000'), ('150', '15', '滨州', '256600'), ('151', '15', '菏泽', '274000'), ('152', '16', '郑州', '450000'), ('153', '16', '开封', '475000'), ('154', '16', '洛阳', '471000'), ('155', '16', '平顶山', '467000'), ('156', '16', '安阳', '455000'), ('157', '16', '鹤壁', '458000'), ('158', '16', '新乡', '453000'), ('159', '16', '焦作', '454100'), ('160', '16', '濮阳', '457000'), ('161', '16', '许昌', '461000'), ('162', '16', '漯河', '462000'), ('163', '16', '三门峡', '472000'), ('164', '16', '南阳', '473000'), ('165', '16', '商丘', '476000'), ('166', '16', '信阳', '464000'), ('167', '16', '周口', '466000'), ('168', '16', '驻马店', '463000'), ('169', '16', '济源', '454650'), ('170', '17', '武汉', '430000'), ('171', '17', '黄石', '435000'), ('172', '17', '十堰', '442000'), ('173', '17', '宜昌', '443000'), ('174', '17', '襄阳', '441000'), ('175', '17', '鄂州', '436000'), ('176', '17', '荆门', '448000'), ('177', '17', '孝感', '432000'), ('178', '17', '荆州', '434000'), ('179', '17', '黄冈', '438000'), ('180', '17', '咸宁', '437000'), ('181', '17', '随州', '441300'), ('182', '17', '恩施', '445000'), ('184', '18', '长沙', '410000'), ('185', '18', '株洲', '412000'), ('186', '18', '湘潭', '411100'), ('187', '18', '衡阳', '421000'), ('188', '18', '邵阳', '422000'), ('189', '18', '岳阳', '414000'), ('190', '18', '常德', '415000'), ('191', '18', '张家界', '427000'), ('192', '18', '益阳', '413000'), ('193', '18', '郴州', '423000'), ('194', '18', '永州', '425000'), ('195', '18', '怀化', '418000'), ('196', '18', '娄底', '417000'), ('197', '18', '湘西', '416000'), ('198', '19', '广州', '510000'), ('199', '19', '韶关', '512000'), ('200', '19', '深圳', '518000'), ('201', '19', '珠海', '519000'), ('202', '19', '汕头', '515000'), ('203', '19', '佛山', '528000'), ('204', '19', '江门', '529000'), ('205', '19', '湛江', '524000'), ('206', '19', '茂名', '525000'), ('207', '19', '肇庆', '526000'), ('208', '19', '惠州', '516000'), ('209', '19', '梅州', '514000'), ('210', '19', '汕尾', '516600'), ('211', '19', '河源', '517000'), ('212', '19', '阳江', '529500'), ('213', '19', '清远', '511500'), ('214', '19', '东莞', '523000'), ('215', '19', '中山', '528400'), ('216', '19', '潮州', '521000'), ('217', '19', '揭阳', '522000'), ('218', '19', '云浮', '527300'), ('219', '20', '南宁', '530000'), ('220', '20', '柳州', '545000'), ('221', '20', '桂林', '541000'), ('222', '20', '梧州', '543000'), ('223', '20', '北海', '536000'), ('224', '20', '防城港', '538000'), ('225', '20', '钦州', '535000'), ('226', '20', '贵港', '537100'), ('227', '20', '玉林', '537000'), ('228', '20', '百色', '533000'), ('229', '20', '贺州', '542800'), ('230', '20', '河池', '547000'), ('231', '20', '来宾', '546100'), ('232', '20', '崇左', '532200'), ('233', '21', '海口', '570100'), ('234', '21', '三亚', '572000'), ('236', '22', '重庆', '400000'), ('237', '23', '成都', '610000'), ('238', '23', '自贡', '643000'), ('239', '23', '攀枝花', '617000'), ('240', '23', '泸州', '646000'), ('241', '23', '德阳', '618000'), ('242', '23', '绵阳', '621000'), ('243', '23', '广元', '628000'), ('244', '23', '遂宁', '629000'), ('245', '23', '内江', '641000'), ('246', '23', '乐山', '614000'), ('247', '23', '南充', '637000'), ('248', '23', '眉山', '620000'), ('249', '23', '宜宾', '644000'), ('250', '23', '广安', '638500'), ('251', '23', '达州', '635000'), ('252', '23', '雅安', '625000'), ('253', '23', '巴中', '636600'), ('254', '23', '资阳', '641300'), ('255', '23', '阿坝', '624000'), ('256', '23', '甘孜', '626000'), ('257', '23', '凉山', '615000'), ('258', '24', '贵阳', '550000'), ('259', '24', '六盘水', '553000'), ('260', '24', '遵义', '563000'), ('261', '24', '安顺', '561000'), ('262', '24', '铜仁', '554300'), ('263', '24', '黔西', '562400'), ('264', '24', '毕节', '551700'), ('265', '24', '黔东', '556000'), ('266', '24', '黔南', '558000'), ('267', '25', '昆明', '650000'), ('268', '25', '曲靖', '655000'), ('269', '25', '玉溪', '653100'), ('270', '25', '保山', '678000'), ('271', '25', '昭通', '657000'), ('272', '25', '丽江', '674100'), ('273', '25', '普洱', '665000'), ('274', '25', '临沧', '677000'), ('275', '25', '楚雄', '675000'), ('276', '25', '红河', '661400'), ('277', '25', '文山', '663000'), ('278', '25', '西双版纳', '666100'), ('279', '25', '大理', '671000'), ('280', '25', '德宏', '678400'), ('281', '25', '怒江', '673100'), ('282', '25', '迪庆', '674400'), ('283', '26', '拉萨', '850000'), ('284', '26', '昌都', '854000'), ('285', '26', '山南', '856000'), ('286', '26', '日喀则', '857000'), ('287', '26', '那曲', '852000'), ('288', '26', '阿里', '859000'), ('289', '26', '林芝', '860000'), ('290', '27', '西安', '710000'), ('291', '27', '铜川', '727000'), ('292', '27', '宝鸡', '721000'), ('293', '27', '咸阳', '712000'), ('294', '27', '渭南', '714000'), ('295', '27', '延安', '716000'), ('296', '27', '汉中', '723000'), ('297', '27', '榆林', '719000'), ('298', '27', '安康', '725000'), ('299', '27', '商洛', '726000'), ('300', '28', '兰州', '730000'), ('301', '28', '嘉峪关', '735100'), ('302', '28', '金昌', '737100'), ('303', '28', '白银', '730900'), ('304', '28', '天水', '741000'), ('305', '28', '武威', '733000'), ('306', '28', '张掖', '734000'), ('307', '28', '平凉', '744000'), ('308', '28', '酒泉', '735000'), ('309', '28', '庆阳', '745000'), ('310', '28', '定西', '743000'), ('311', '28', '陇南', '742500'), ('312', '28', '临夏', '731100'), ('313', '28', '甘南', '747000'), ('314', '29', '西宁', '810000'), ('315', '29', '海东', '810600'), ('316', '29', '海北', '812200'), ('317', '29', '黄南', '811300'), ('318', '29', '海南', '813000'), ('319', '29', '果洛', '814000'), ('320', '29', '玉树', '815000'), ('321', '29', '海西', '817000'), ('322', '30', '银川', '750000'), ('323', '30', '石嘴山', '753000'), ('324', '30', '吴忠', '751100'), ('325', '30', '固原', '756000'), ('326', '30', '中卫', '755000'), ('327', '31', '乌鲁木齐', '830000'), ('328', '31', '克拉玛依', '834000'), ('329', '31', '吐鲁番', '838000'), ('330', '31', '哈密', '839000'), ('331', '31', '昌吉', '831100'), ('332', '31', '博尔塔拉', '833400'), ('333', '31', '巴音郭楞', '841000'), ('334', '31', '阿克苏', '843000'), ('335', '31', '克孜勒苏柯尔克孜', '845350'), ('336', '31', '喀什', '844000'), ('337', '31', '和田', '848000'), ('338', '31', '伊犁哈萨克', '835000'), ('339', '31', '塔城', '834700'), ('340', '31', '阿勒泰', '836500'), ('342', '32', '香港', '999077'), ('343', '33', '澳门', '999078'), ('344', '34', '台湾', '999079');
COMMIT;

-- ----------------------------
--  Table structure for `commodity`
-- ----------------------------
DROP TABLE IF EXISTS `commodity`;
CREATE TABLE `commodity` (
  `id` int(10) unsigned NOT NULL AUTO_INCREMENT COMMENT '流水号',
  `commodity_name` varchar(100) DEFAULT NULL COMMENT '产品名称',
  `images` varchar(1000) DEFAULT NULL COMMENT '产品图片',
  `bar_code` varchar(255) NOT NULL COMMENT '产品条形码',
  `pro_type_id` int(10) unsigned DEFAULT NULL COMMENT '二级分类ID',
  `brand_id` int(10) unsigned DEFAULT NULL COMMENT '品牌ID',
  `createtime` datetime DEFAULT NULL COMMENT '创建时间',
  PRIMARY KEY (`id`)
) ENGINE=InnoDB DEFAULT CHARSET=utf8mb4;

-- ----------------------------
--  Table structure for `customer`
-- ----------------------------
DROP TABLE IF EXISTS `customer`;
CREATE TABLE `customer` (
  `id` int(10) unsigned NOT NULL AUTO_INCREMENT COMMENT '流水号',
  `createtime` datetime DEFAULT NULL COMMENT '创建时间',
  `modified_time` datetime DEFAULT NULL COMMENT '最后一次更新时间',
  `customer_mode` tinyint(3) unsigned DEFAULT '0' COMMENT '客户模式(0 O2O模式)',
  `customer_type` tinyint(3) unsigned DEFAULT NULL COMMENT '客户类型(0单店 1多店 2线下)',
  `customer_name` varchar(30) DEFAULT NULL COMMENT '客户联系人',
  `customer_phone` varchar(30) DEFAULT NULL COMMENT '客户电话',
  `customer_address` varchar(150) DEFAULT NULL COMMENT '客户详细地址',
  `prov_id` int(10) unsigned DEFAULT NULL COMMENT '省份',
  `city_id` int(10) unsigned DEFAULT NULL COMMENT '城市',
  `area_id` int(10) unsigned DEFAULT NULL COMMENT '区域',
  `open_time` datetime DEFAULT NULL COMMENT '入网时间',
  `end_time` datetime DEFAULT NULL COMMENT '到期时间',
  `isvalid` tinyint(3) unsigned DEFAULT '0' COMMENT '是否有效（0有效 1无效）',
  `status` tinyint(3) unsigned DEFAULT NULL COMMENT '审核状态（0未审核 1同意 2拒绝）',
  `refuse_reason` varchar(150) DEFAULT NULL COMMENT '审核备注',
  `refuse_time` datetime DEFAULT NULL COMMENT '审核时间',
  `agent_id` int(10) unsigned DEFAULT NULL COMMENT '所属代理商ID或者直销人员ID',
  `user_id` int(10) unsigned DEFAULT NULL COMMENT '用户ID',
  `store_num` int(10) unsigned DEFAULT NULL COMMENT '门店数量',
  `account_source` tinyint(3) unsigned DEFAULT NULL COMMENT '账号来源(0代理商 1直销人员)',
  PRIMARY KEY (`id`)
) ENGINE=InnoDB AUTO_INCREMENT=4 DEFAULT CHARSET=utf8mb4;

-- ----------------------------
--  Records of `customer`
-- ----------------------------
BEGIN;
INSERT INTO `customer` VALUES ('1', '2017-09-07 15:05:23', '2017-09-07 15:05:25', '0', '1', '涛哥哥', '13556631734', '东莞市南城区华源商业大厦1006', '19', '214', '1926', '2017-09-07 15:13:48', '2018-09-07 15:13:58', '0', '1', null, '2017-09-07 15:15:39', '1', '6', '2', '0');
COMMIT;

-- ----------------------------
--  Table structure for `customer_adv`
-- ----------------------------
DROP TABLE IF EXISTS `customer_adv`;
CREATE TABLE `customer_adv` (
  `id` int(10) unsigned NOT NULL AUTO_INCREMENT COMMENT '流水号',
  `createtime` datetime DEFAULT NULL COMMENT '创建时间',
  `modified_time` datetime DEFAULT NULL COMMENT '最后一次更新时间',
  `customer_id` int(10) unsigned DEFAULT NULL COMMENT '客户ID',
  `title` varchar(50) DEFAULT NULL COMMENT '(标题)',
  `image_url` varchar(255) DEFAULT NULL COMMENT '(图片)',
  `image_link` varchar(255) DEFAULT NULL COMMENT '(外链)',
  `showtime` int(10) unsigned DEFAULT NULL COMMENT '(轮播时长)',
  `sort` int(10) unsigned DEFAULT NULL COMMENT '(排序)',
  `isvalid` tinyint(3) unsigned DEFAULT NULL COMMENT '(是否有效0有效，1无效)',
  `bind_type` tinyint(3) unsigned DEFAULT NULL COMMENT '绑定类型(0绑定活动 1绑定商品)',
  `bind_value` int(10) unsigned DEFAULT NULL COMMENT '绑定值',
  PRIMARY KEY (`id`)
) ENGINE=InnoDB DEFAULT CHARSET=utf8mb4;

-- ----------------------------
--  Table structure for `customer_alipay_config`
-- ----------------------------
DROP TABLE IF EXISTS `customer_alipay_config`;
CREATE TABLE `customer_alipay_config` (
  `id` int(10) unsigned NOT NULL AUTO_INCREMENT COMMENT '流水号',
  `app_id` varchar(30) DEFAULT NULL COMMENT '应用ID',
  `sign_type` varchar(20) DEFAULT NULL COMMENT '签名类型 RSA2(SHA256)密钥 RSA(SHA1)',
  `alipay_public_key` varchar(5000) DEFAULT NULL COMMENT '支付宝公钥',
  `app_private_key` varchar(5000) DEFAULT NULL COMMENT 'APP应用私钥',
  `status` tinyint(3) unsigned DEFAULT NULL COMMENT '是否启用 0启用 1禁用',
  `gateway` varchar(50) DEFAULT NULL COMMENT '支付宝支付网关',
  `customer_id` int(10) unsigned DEFAULT NULL COMMENT '客户ID',
  `createtime` datetime NOT NULL COMMENT '创建时间',
  `modified_time` datetime DEFAULT NULL COMMENT '最后一次更新时间',
  PRIMARY KEY (`id`)
) ENGINE=InnoDB DEFAULT CHARSET=utf8mb4;

-- ----------------------------
--  Table structure for `customer_brand_select`
-- ----------------------------
DROP TABLE IF EXISTS `customer_brand_select`;
CREATE TABLE `customer_brand_select` (
  `id` int(10) unsigned NOT NULL AUTO_INCREMENT COMMENT '流水号',
  `createtime` datetime DEFAULT NULL COMMENT '创建时间',
  `modified_time` datetime DEFAULT NULL COMMENT '最后一次更新时间',
  `customer_id` int(10) unsigned DEFAULT NULL COMMENT '客户ID',
  `customer_staff_id` int(10) unsigned DEFAULT NULL COMMENT '操作人ID',
  `brand_id` int(10) unsigned DEFAULT NULL COMMENT '绑定的品牌ID',
  `images` varchar(1000) DEFAULT NULL COMMENT '图片集合',
  PRIMARY KEY (`id`)
) ENGINE=InnoDB DEFAULT CHARSET=utf8mb4;

-- ----------------------------
--  Table structure for `customer_buy_store_log`
-- ----------------------------
DROP TABLE IF EXISTS `customer_buy_store_log`;
CREATE TABLE `customer_buy_store_log` (
  `id` int(10) unsigned NOT NULL AUTO_INCREMENT COMMENT '流水号',
  `customer_id` int(10) unsigned DEFAULT NULL COMMENT '客户ID',
  `amount` decimal(10,2) DEFAULT NULL COMMENT '金额',
  `createtime` datetime DEFAULT NULL COMMENT '创建时间',
  `pay_type` tinyint(3) unsigned DEFAULT NULL COMMENT '(1:支付宝，2：微信3.银行卡)',
  `status` tinyint(3) unsigned DEFAULT NULL COMMENT '(0:未支付，1：已支付)',
  `order_num` varchar(30) DEFAULT NULL COMMENT '(订单编号)',
  `pay_time` datetime DEFAULT NULL COMMENT '支付时间',
  `serial_number` varchar(50) DEFAULT NULL COMMENT '支付流水号',
  `buy_num` int(10) DEFAULT NULL COMMENT '门店购买数量',
  PRIMARY KEY (`id`)
) ENGINE=InnoDB AUTO_INCREMENT=2 DEFAULT CHARSET=utf8mb4;

-- ----------------------------
--  Records of `customer_buy_store_log`
-- ----------------------------
BEGIN;
INSERT INTO `customer_buy_store_log` VALUES ('1', '1', '1000.00', '2017-09-07 16:45:45', '1', '1', '2017090716465045845845', '2017-09-07 16:46:35', '4546546845245141546', '1');
COMMIT;

-- ----------------------------
--  Table structure for `customer_commodity`
-- ----------------------------
DROP TABLE IF EXISTS `customer_commodity`;
CREATE TABLE `customer_commodity` (
  `id` int(10) unsigned NOT NULL AUTO_INCREMENT COMMENT '流水号',
  `createtime` datetime DEFAULT NULL COMMENT '创建时间',
  `modified_time` datetime DEFAULT NULL COMMENT '最后一次更新时间',
  `customer_id` int(10) unsigned DEFAULT NULL COMMENT '客户ID',
  `customer_staff_id` int(10) unsigned DEFAULT NULL COMMENT '操作人ID',
  `commodity_name` varchar(50) DEFAULT NULL COMMENT '产品名称',
  `commodity_image` varchar(255) DEFAULT NULL COMMENT '产品图片',
  `commodity_bar_code` varchar(20) DEFAULT NULL COMMENT '产品条形码',
  `pro_type_id` int(10) unsigned DEFAULT NULL COMMENT '二级分类ID',
  `brand_id` int(10) unsigned DEFAULT NULL COMMENT '品牌ID',
  `is_quality_guarantee_period_warning` tinyint(3) unsigned DEFAULT '1' COMMENT '是否需要保质期预警(0是 1否)',
  PRIMARY KEY (`id`)
) ENGINE=InnoDB AUTO_INCREMENT=4 DEFAULT CHARSET=utf8mb4;

-- ----------------------------
--  Records of `customer_commodity`
-- ----------------------------
BEGIN;
INSERT INTO `customer_commodity` VALUES ('1', '2017-09-08 11:02:49', null, '1', '1', '优酸乳原味', '/image.png', null, null, null, '1'), ('2', '2017-09-08 11:12:13', null, '1', '1', '伊利250ml纯牛奶', '/image.png', null, null, null, '1'), ('3', '2017-09-08 11:15:18', null, '1', '1', '蒙牛250ml纯牛奶', '/image.png', null, null, null, '1');
COMMIT;

-- ----------------------------
--  Table structure for `customer_commodity_batch`
-- ----------------------------
DROP TABLE IF EXISTS `customer_commodity_batch`;
CREATE TABLE `customer_commodity_batch` (
  `id` int(10) unsigned NOT NULL AUTO_INCREMENT COMMENT '流水号',
  `createtime` datetime DEFAULT NULL COMMENT '创建时间',
  `modified_time` datetime DEFAULT NULL COMMENT '最后一次更新时间',
  `customer_commodity_id` int(10) unsigned DEFAULT NULL COMMENT '客户产品ID',
  `customer_stock_id` int(10) unsigned DEFAULT NULL COMMENT '客户库存ID',
  `customer_id` int(10) unsigned DEFAULT NULL COMMENT '客户ID',
  `customer_staff_id` int(10) unsigned DEFAULT NULL COMMENT '操作人ID',
  `quality_guarantee_period` tinyint(3) unsigned DEFAULT NULL COMMENT '保质期',
  `quality_guarantee_period_type` tinyint(3) unsigned DEFAULT NULL COMMENT '保质期时间单位(0天 1月 2年)',
  `date_of_manufacture` datetime DEFAULT NULL COMMENT '生产日期',
  `quality_guarantee_period_warning_value` tinyint(3) unsigned DEFAULT NULL COMMENT '保质期预警值',
  `batch_num` int(10) unsigned DEFAULT NULL COMMENT '批次数量',
  `unit` char(10) DEFAULT NULL COMMENT '产品单位',
  `total_amount` decimal(10,2) DEFAULT NULL COMMENT '总金额',
  `commodity_price` decimal(10,2) DEFAULT NULL COMMENT '产品进货价格',
  `surplus_batch_num` int(10) unsigned DEFAULT NULL COMMENT '批次剩余数量',
  `exception_batch_num` int(10) unsigned DEFAULT NULL COMMENT '批次异常数量',
  PRIMARY KEY (`id`)
) ENGINE=InnoDB DEFAULT CHARSET=utf8mb4;

-- ----------------------------
--  Table structure for `customer_coupons`
-- ----------------------------
DROP TABLE IF EXISTS `customer_coupons`;
CREATE TABLE `customer_coupons` (
  `id` int(10) unsigned NOT NULL AUTO_INCREMENT COMMENT '流水号',
  `createtime` datetime DEFAULT NULL COMMENT '创建时间',
  `modified_time` datetime DEFAULT NULL COMMENT '最后一次更新时间',
  `customer_id` int(10) unsigned DEFAULT NULL COMMENT '客户ID',
  `customer_staff_id` int(10) unsigned DEFAULT NULL COMMENT '操作人ID',
  `condition_type` tinyint(3) unsigned DEFAULT NULL COMMENT '需满足条件类型(0满足金额 1满足件数)',
  `condition_amount` int(10) unsigned DEFAULT NULL COMMENT '需满足的条件',
  `type` tinyint(3) unsigned DEFAULT NULL COMMENT '优惠券优惠类型(0金额 1比例)',
  `amount` int(10) unsigned DEFAULT NULL COMMENT '优惠券金额',
  `raito` decimal(3,2) DEFAULT NULL COMMENT '优惠券抵扣比例',
  `begin_time` datetime DEFAULT NULL COMMENT '优惠券开始时间',
  `expiration_time` datetime DEFAULT NULL COMMENT '优惠券结束时间',
  `coupons_content` varchar(30) DEFAULT NULL COMMENT '优惠券文字内容',
  `isvalid` tinyint(3) unsigned DEFAULT NULL COMMENT '是否有效(0是 1否)',
  `scope` tinyint(3) unsigned DEFAULT NULL COMMENT '适用范围(0全场通用1绑定的一级分类2指定的商品)',
  `pro_type_id` int(10) unsigned DEFAULT NULL COMMENT '一级分类ID',
  `pro_ids` varchar(255) DEFAULT NULL COMMENT '商品ID集合',
  `total_num` int(10) unsigned DEFAULT NULL COMMENT '优惠券数量',
  `is_total_num_limit` tinyint(3) unsigned DEFAULT NULL COMMENT '优惠券是否有总张数限制(0是 1否)',
  `member_limit_num` tinyint(3) unsigned DEFAULT NULL COMMENT '每个会员限领数量(0表示不限领)',
  `activity_coexistence` varchar(20) DEFAULT NULL COMMENT '活动是否共存(0共存 1不共存)（0,0,0,0）(每日特价，秒杀，有好货，特惠)',
  PRIMARY KEY (`id`)
) ENGINE=InnoDB DEFAULT CHARSET=utf8mb4;

-- ----------------------------
--  Table structure for `customer_coupons_member`
-- ----------------------------
DROP TABLE IF EXISTS `customer_coupons_member`;
CREATE TABLE `customer_coupons_member` (
  `id` int(10) unsigned NOT NULL AUTO_INCREMENT COMMENT '流水号',
  `createtime` datetime DEFAULT NULL COMMENT '创建时间',
  `modified_time` datetime DEFAULT NULL COMMENT '最后一次更新时间',
  `customer_coupons_id` int(10) unsigned DEFAULT NULL COMMENT '优惠券ID',
  `user_id` int(10) unsigned DEFAULT NULL COMMENT '用户ID',
  `isvalid` tinyint(3) unsigned DEFAULT NULL COMMENT '(是否已经使用0未使用1已使用 2已过期)',
  `order_id` int(10) unsigned DEFAULT NULL COMMENT '(订单ID)',
  `order_detail_id` int(10) unsigned DEFAULT NULL COMMENT '订单详情ID',
  `use_time` datetime DEFAULT NULL COMMENT '使用时间',
  PRIMARY KEY (`id`)
) ENGINE=InnoDB DEFAULT CHARSET=utf8mb4;

-- ----------------------------
--  Table structure for `customer_department`
-- ----------------------------
DROP TABLE IF EXISTS `customer_department`;
CREATE TABLE `customer_department` (
  `id` int(10) unsigned NOT NULL AUTO_INCREMENT COMMENT '流水号',
  `createtime` datetime DEFAULT NULL COMMENT '创建时间',
  `modified_time` datetime DEFAULT NULL COMMENT '最后一次更新时间',
  `customer_id` int(10) unsigned DEFAULT NULL COMMENT '客户ID',
  `department_name` varchar(30) DEFAULT NULL COMMENT '部门名称',
  `department_no` varchar(30) DEFAULT NULL COMMENT '部门编号',
  `department_phone` varchar(30) DEFAULT NULL COMMENT '部门电话',
  `isvalid` tinyint(3) unsigned DEFAULT '0' COMMENT '是否有效（0有效 1无效）',
  PRIMARY KEY (`id`)
) ENGINE=InnoDB AUTO_INCREMENT=6 DEFAULT CHARSET=utf8mb4;

-- ----------------------------
--  Records of `customer_department`
-- ----------------------------
BEGIN;
INSERT INTO `customer_department` VALUES ('1', '2017-09-08 10:16:58', null, '1', '采购部', 'MP', '13556631734', '0'), ('2', '2017-09-08 10:20:27', null, '1', '业务部', 'SD', '13556631734', '0'), ('3', '2017-09-08 10:20:56', null, '1', '市场部', 'MD', '13556631734', '0'), ('4', '2017-09-08 10:21:25', null, '1', '管理部', 'HR', '13556631734', '0'), ('5', '2017-09-08 10:21:50', null, '1', '仓管部', 'WH', '13556631734', '0');
COMMIT;

-- ----------------------------
--  Table structure for `customer_freight_template`
-- ----------------------------
DROP TABLE IF EXISTS `customer_freight_template`;
CREATE TABLE `customer_freight_template` (
  `id` int(10) unsigned NOT NULL AUTO_INCREMENT COMMENT '流水号',
  `createtime` datetime DEFAULT NULL COMMENT '创建时间',
  `modified_time` datetime DEFAULT NULL COMMENT '最后一次更新时间',
  `customer_id` int(10) unsigned DEFAULT NULL COMMENT '客户ID',
  `template_name` varchar(30) DEFAULT NULL COMMENT '模板名称',
  `isvalid` tinyint(3) unsigned DEFAULT NULL COMMENT '是否有效(0有效 1无效)',
  `valuation` tinyint(3) unsigned DEFAULT NULL COMMENT '计算运费方式(0 按件 1 按重量)',
  `template_start_standards` varchar(30) DEFAULT NULL COMMENT '首费标准',
  `template_start_fees` varchar(30) DEFAULT NULL COMMENT '首费',
  `template_add_standards` varchar(30) DEFAULT NULL COMMENT '增费标准',
  `template_add_fees` varchar(30) DEFAULT NULL COMMENT '增费',
  PRIMARY KEY (`id`)
) ENGINE=InnoDB DEFAULT CHARSET=utf8mb4;

-- ----------------------------
--  Table structure for `customer_full_cut`
-- ----------------------------
DROP TABLE IF EXISTS `customer_full_cut`;
CREATE TABLE `customer_full_cut` (
  `id` int(10) unsigned NOT NULL AUTO_INCREMENT COMMENT '流水号',
  `createtime` datetime DEFAULT NULL COMMENT '创建时间',
  `modified_time` datetime DEFAULT NULL COMMENT '最后一次更新时间',
  `customer_id` int(10) unsigned DEFAULT NULL COMMENT '客户ID',
  `customer_full_cut_describe` varchar(50) DEFAULT NULL COMMENT '满减详细描述',
  `customer_full_cut_condition` varchar(30) DEFAULT NULL COMMENT '满减条件(满;减,满;减 例如99;20,199;50)',
  `begin_time` datetime DEFAULT NULL COMMENT '开始时间',
  `end_time` datetime DEFAULT NULL COMMENT '结束时间',
  `isvalid` tinyint(3) unsigned DEFAULT NULL COMMENT '是否有效(0有效 1无效)',
  `sort` int(10) unsigned DEFAULT NULL COMMENT '排序',
  PRIMARY KEY (`id`)
) ENGINE=InnoDB DEFAULT CHARSET=utf8mb4;

-- ----------------------------
--  Table structure for `customer_good_pro_set`
-- ----------------------------
DROP TABLE IF EXISTS `customer_good_pro_set`;
CREATE TABLE `customer_good_pro_set` (
  `id` int(10) unsigned NOT NULL AUTO_INCREMENT COMMENT '流水号',
  `createtime` datetime DEFAULT NULL COMMENT '创建时间',
  `modified_time` datetime DEFAULT NULL COMMENT '最后一次更新时间',
  `customer_id` int(10) unsigned DEFAULT NULL COMMENT '客户ID',
  `customer_staff_id` int(10) unsigned DEFAULT NULL COMMENT '操作人ID',
  `pro_id` int(10) unsigned DEFAULT NULL COMMENT '商品ID',
  `pro_code` varchar(20) DEFAULT NULL COMMENT '商品编码',
  `pro_detail_id` int(10) unsigned DEFAULT NULL COMMENT '商品详情ID',
  `sort` int(10) unsigned DEFAULT NULL COMMENT '排序',
  `good_pro_price` decimal(10,2) DEFAULT NULL COMMENT '好货价格',
  PRIMARY KEY (`id`)
) ENGINE=InnoDB DEFAULT CHARSET=utf8mb4;

-- ----------------------------
--  Table structure for `customer_member_card`
-- ----------------------------
DROP TABLE IF EXISTS `customer_member_card`;
CREATE TABLE `customer_member_card` (
  `id` int(10) unsigned NOT NULL AUTO_INCREMENT COMMENT '流水号',
  `createtime` datetime DEFAULT NULL COMMENT '创建时间',
  `modified_time` datetime DEFAULT NULL COMMENT '最后一次更新时间',
  `customer_id` int(10) unsigned DEFAULT NULL COMMENT '客户ID',
  `customer_staff_id` int(10) unsigned DEFAULT NULL COMMENT '操作人ID',
  `card_no` varchar(30) DEFAULT NULL COMMENT '会员卡编号',
  `card_amount` decimal(10,2) DEFAULT NULL COMMENT '会员卡初始金额',
  `validity` tinyint(3) unsigned DEFAULT NULL COMMENT '会员卡有效期',
  `validity_type` tinyint(3) unsigned DEFAULT NULL COMMENT '有效期类型(0 月卡 1 季卡 2 半年卡 3 年卡)',
  `available_amount` decimal(10,2) DEFAULT NULL COMMENT '会员卡可用金额',
  PRIMARY KEY (`id`)
) ENGINE=InnoDB DEFAULT CHARSET=utf8mb4;

-- ----------------------------
--  Table structure for `customer_member_card_use_log`
-- ----------------------------
DROP TABLE IF EXISTS `customer_member_card_use_log`;
CREATE TABLE `customer_member_card_use_log` (
  `id` int(10) unsigned NOT NULL AUTO_INCREMENT COMMENT '流水号',
  `createtime` datetime DEFAULT NULL COMMENT '创建时间',
  `member_card_id` int(10) unsigned DEFAULT NULL COMMENT '会员卡ID',
  `user_id` int(10) unsigned DEFAULT NULL COMMENT '用户ID',
  `use_time` datetime DEFAULT NULL COMMENT '使用时间',
  `purpose` tinyint(3) unsigned DEFAULT NULL COMMENT '用途(0线上充值到余额 1线下购物)',
  `use_amount` decimal(10,2) DEFAULT NULL COMMENT '使用金额',
  PRIMARY KEY (`id`)
) ENGINE=InnoDB DEFAULT CHARSET=utf8mb4;

-- ----------------------------
--  Table structure for `customer_member_level`
-- ----------------------------
DROP TABLE IF EXISTS `customer_member_level`;
CREATE TABLE `customer_member_level` (
  `id` int(10) unsigned NOT NULL AUTO_INCREMENT COMMENT '流水号',
  `createtime` datetime DEFAULT NULL COMMENT '创建时间',
  `modified_time` datetime DEFAULT NULL COMMENT '最后一次更新时间',
  `customer_id` int(10) unsigned DEFAULT NULL COMMENT '客户ID',
  `level_name` varchar(30) DEFAULT NULL COMMENT '级别名称',
  `consumption_amount` decimal(10,2) DEFAULT NULL COMMENT '升级需要消费的金额',
  `discount_type` tinyint(3) unsigned DEFAULT NULL COMMENT '优惠类型(0 包邮 1 折扣 2 积分)',
  PRIMARY KEY (`id`)
) ENGINE=InnoDB DEFAULT CHARSET=utf8mb4;

-- ----------------------------
--  Table structure for `customer_notice`
-- ----------------------------
DROP TABLE IF EXISTS `customer_notice`;
CREATE TABLE `customer_notice` (
  `id` int(10) unsigned NOT NULL AUTO_INCREMENT COMMENT '流水号',
  `createtime` datetime DEFAULT NULL COMMENT '创建时间',
  `modified_time` datetime DEFAULT NULL COMMENT '最后一次更新时间',
  `customer_id` int(10) unsigned DEFAULT NULL COMMENT '客户ID',
  `title` varchar(255) DEFAULT NULL COMMENT '(标题)',
  `content` text COMMENT '(内容)',
  `image` varchar(255) DEFAULT NULL COMMENT '(图片)',
  `introduction` varchar(255) DEFAULT NULL COMMENT '(公告简介)',
  PRIMARY KEY (`id`)
) ENGINE=InnoDB AUTO_INCREMENT=2 DEFAULT CHARSET=utf8mb4;

-- ----------------------------
--  Records of `customer_notice`
-- ----------------------------
BEGIN;
INSERT INTO `customer_notice` VALUES ('1', '2017-09-08 10:46:56', null, '1', 'O2O平台正在内测', 'O2O平台正在内测', '/image.png', 'O2O平台正在内测');
COMMIT;

-- ----------------------------
--  Table structure for `customer_pro_full_cut`
-- ----------------------------
DROP TABLE IF EXISTS `customer_pro_full_cut`;
CREATE TABLE `customer_pro_full_cut` (
  `id` int(10) unsigned NOT NULL AUTO_INCREMENT COMMENT '流水号',
  `createtime` datetime DEFAULT NULL COMMENT '创建时间',
  `pro_detail_id` int(10) unsigned DEFAULT NULL COMMENT '商品详情ID',
  `pro_code` varchar(20) DEFAULT NULL COMMENT '商品编码',
  `customer_full_cut_id` int(10) unsigned DEFAULT NULL COMMENT '满减活动ID',
  `pro_id` int(10) unsigned DEFAULT NULL COMMENT '商品ID',
  PRIMARY KEY (`id`)
) ENGINE=InnoDB DEFAULT CHARSET=utf8mb4;

-- ----------------------------
--  Table structure for `customer_pro_preferential_set`
-- ----------------------------
DROP TABLE IF EXISTS `customer_pro_preferential_set`;
CREATE TABLE `customer_pro_preferential_set` (
  `id` int(10) unsigned NOT NULL AUTO_INCREMENT COMMENT '流水号',
  `createtime` datetime DEFAULT NULL COMMENT '创建时间',
  `modified_time` datetime DEFAULT NULL COMMENT '最后一次更新时间',
  `customer_id` int(10) unsigned DEFAULT NULL COMMENT '客户ID',
  `customer_staff_id` int(10) unsigned DEFAULT NULL COMMENT '操作人ID',
  `pro_id` int(10) unsigned DEFAULT NULL COMMENT '商品ID',
  `pro_code` varchar(20) DEFAULT NULL COMMENT '商品编码',
  `pro_detail_id` int(10) unsigned DEFAULT NULL COMMENT '商品详情ID',
  `preferential_price` decimal(10,2) DEFAULT NULL COMMENT '特惠价格',
  `sort` int(10) unsigned DEFAULT NULL COMMENT '排序',
  PRIMARY KEY (`id`)
) ENGINE=InnoDB DEFAULT CHARSET=utf8mb4;

-- ----------------------------
--  Table structure for `customer_pro_promotional_set`
-- ----------------------------
DROP TABLE IF EXISTS `customer_pro_promotional_set`;
CREATE TABLE `customer_pro_promotional_set` (
  `id` int(10) unsigned NOT NULL AUTO_INCREMENT COMMENT '流水号',
  `createtime` datetime DEFAULT NULL COMMENT '创建时间',
  `modified_time` datetime DEFAULT NULL COMMENT '最后一次更新时间',
  `customer_id` int(10) unsigned DEFAULT NULL COMMENT '客户ID',
  `customer_staff_id` int(10) unsigned DEFAULT NULL COMMENT '操作人ID',
  `pro_id` int(10) unsigned DEFAULT NULL COMMENT '商品ID',
  `pro_code` varchar(20) DEFAULT NULL COMMENT '商品编码',
  `pro_detail_id` int(10) unsigned DEFAULT NULL COMMENT '商品详情ID',
  `promotional_price` decimal(10,2) DEFAULT NULL COMMENT '每日特价',
  `promotional_begin_time` datetime DEFAULT NULL COMMENT '促销开始时间',
  `promotional_end_time` datetime DEFAULT NULL COMMENT '促销结束时间',
  `sort` int(10) unsigned DEFAULT NULL COMMENT '排序',
  PRIMARY KEY (`id`)
) ENGINE=InnoDB DEFAULT CHARSET=utf8mb4;

-- ----------------------------
--  Table structure for `customer_pro_seckill_set`
-- ----------------------------
DROP TABLE IF EXISTS `customer_pro_seckill_set`;
CREATE TABLE `customer_pro_seckill_set` (
  `id` int(10) unsigned NOT NULL AUTO_INCREMENT COMMENT '流水号',
  `pro_code` varchar(20) DEFAULT NULL COMMENT '商品编码',
  `createtime` datetime DEFAULT NULL COMMENT '创建时间',
  `modified_time` datetime DEFAULT NULL COMMENT '最后一次更新时间',
  `customer_id` int(10) unsigned DEFAULT NULL COMMENT '客户ID',
  `pro_detail_id` int(10) unsigned DEFAULT NULL COMMENT '商品详情ID',
  `pro_id` int(10) unsigned DEFAULT NULL COMMENT '商品ID',
  `seckill_price` decimal(10,2) DEFAULT NULL COMMENT '秒杀价格',
  `end_time` datetime DEFAULT NULL COMMENT '秒杀结束时间',
  `customer_seckill_time_id` int(10) unsigned DEFAULT NULL COMMENT '秒杀时间设置ID',
  PRIMARY KEY (`id`)
) ENGINE=InnoDB DEFAULT CHARSET=utf8mb4;

-- ----------------------------
--  Table structure for `customer_purchase_detail`
-- ----------------------------
DROP TABLE IF EXISTS `customer_purchase_detail`;
CREATE TABLE `customer_purchase_detail` (
  `id` int(10) unsigned NOT NULL AUTO_INCREMENT COMMENT '流水号',
  `createtime` datetime DEFAULT NULL COMMENT '创建时间',
  `modified_time` datetime DEFAULT NULL COMMENT '最后一次更新时间',
  `customer_purchase_log_id` int(10) unsigned DEFAULT NULL COMMENT '采购记录ID',
  `purchase_no` int(10) unsigned DEFAULT NULL COMMENT '采购编号',
  `customer_id` int(10) unsigned DEFAULT NULL COMMENT '客户ID',
  `customer_staff_id` int(10) unsigned DEFAULT NULL COMMENT '客户采购员员工ID',
  `supplier_commodity_id` int(10) unsigned DEFAULT NULL COMMENT '供应商产品表ID',
  `purchase_num` int(10) unsigned DEFAULT NULL COMMENT '采购数量',
  `total_amount` decimal(10,2) DEFAULT NULL COMMENT '采购总金额',
  `unit_price` decimal(10,2) DEFAULT NULL COMMENT '采购单价',
  `delivery_date` date DEFAULT NULL COMMENT '预计交货日期',
  `remarks` varchar(100) DEFAULT NULL COMMENT '采购备注',
  `actual_num` int(10) unsigned DEFAULT NULL COMMENT '实到数量',
  `loss_num` int(10) unsigned DEFAULT NULL COMMENT '亏损数量',
  `is_arrival` tinyint(3) unsigned DEFAULT NULL COMMENT '是否到货(0是 1否)',
  `purchase_complete` tinyint(3) unsigned DEFAULT NULL COMMENT '是否采购完成(0是 1否)',
  `is_quality_guarantee_period_warning` tinyint(3) unsigned DEFAULT NULL COMMENT '是否需要保质期预警(0是 1否)',
  PRIMARY KEY (`id`)
) ENGINE=InnoDB DEFAULT CHARSET=utf8mb4;

-- ----------------------------
--  Table structure for `customer_purchase_log`
-- ----------------------------
DROP TABLE IF EXISTS `customer_purchase_log`;
CREATE TABLE `customer_purchase_log` (
  `id` int(10) unsigned NOT NULL AUTO_INCREMENT COMMENT '流水号',
  `createtime` datetime DEFAULT NULL COMMENT '创建时间',
  `modified_time` datetime DEFAULT NULL COMMENT '最后一次更新时间',
  `purchase_no` varchar(30) NOT NULL COMMENT '采购编号',
  `customer_id` int(10) unsigned DEFAULT NULL COMMENT '客户ID',
  `customer_staff_id` int(10) unsigned DEFAULT NULL COMMENT '做采购计划员工ID',
  `total_commodity_amount` decimal(10,2) DEFAULT NULL COMMENT '采购总金额',
  `total_freight_amount` decimal(10,2) DEFAULT NULL COMMENT '总运费',
  `total_other_amount` decimal(10,2) DEFAULT NULL COMMENT '其他费用总和',
  `is_check_purchase` tinyint(3) unsigned DEFAULT NULL COMMENT '是否需要验单(0不需要 1需要)',
  `customer_staff_check_id` int(10) unsigned DEFAULT NULL COMMENT '验单员ID',
  `check_time` datetime DEFAULT NULL COMMENT '验单时间',
  `check_remarks` varchar(255) DEFAULT NULL COMMENT '验单备注',
  `check_status` tinyint(3) unsigned DEFAULT NULL COMMENT '验单状态(0通过 1拒绝 2 未验单)',
  `storage_staff_id` int(10) unsigned DEFAULT NULL COMMENT '入库员ID',
  PRIMARY KEY (`id`)
) ENGINE=InnoDB AUTO_INCREMENT=2 DEFAULT CHARSET=utf8mb4;

-- ----------------------------
--  Records of `customer_purchase_log`
-- ----------------------------
BEGIN;
INSERT INTO `customer_purchase_log` VALUES ('1', '2017-09-08 11:23:14', null, '201709081123123', '1', '1', null, '0.00', '0.00', '0', null, null, null, '0', '2');
COMMIT;

-- ----------------------------
--  Table structure for `customer_purchase_storage`
-- ----------------------------
DROP TABLE IF EXISTS `customer_purchase_storage`;
CREATE TABLE `customer_purchase_storage` (
  `id` int(10) unsigned NOT NULL AUTO_INCREMENT COMMENT '流水号',
  `createtime` datetime DEFAULT NULL COMMENT '创建时间',
  `storage_staff_id` int(10) unsigned DEFAULT NULL COMMENT '入库员ID',
  `storage_no` varchar(30) DEFAULT NULL COMMENT '入库编号',
  `status` tinyint(3) unsigned DEFAULT NULL COMMENT '入库状态(0未入库 1入库完成)',
  PRIMARY KEY (`id`)
) ENGINE=InnoDB DEFAULT CHARSET=utf8mb4;

-- ----------------------------
--  Table structure for `customer_purchase_storage_detail`
-- ----------------------------
DROP TABLE IF EXISTS `customer_purchase_storage_detail`;
CREATE TABLE `customer_purchase_storage_detail` (
  `id` int(10) unsigned NOT NULL AUTO_INCREMENT COMMENT '流水号',
  `createtime` datetime DEFAULT NULL COMMENT '创建时间',
  `customer_purchase_storage_id` int(10) unsigned DEFAULT NULL COMMENT '客户入库单ID',
  `customer_purchase_log_id` int(10) unsigned DEFAULT NULL COMMENT '采购记录ID',
  `purchase_no` int(10) unsigned DEFAULT NULL COMMENT '采购编号',
  `customer_purchase_detail_id` int(10) unsigned DEFAULT NULL COMMENT '采购详情ID',
  `actual_num` int(10) unsigned DEFAULT NULL COMMENT '实到数量',
  `loss_num` int(10) unsigned DEFAULT NULL COMMENT '亏损数量',
  `is_storage_success` tinyint(3) unsigned DEFAULT NULL COMMENT '是否入库成功(0成功 1不成功)',
  PRIMARY KEY (`id`)
) ENGINE=InnoDB DEFAULT CHARSET=utf8mb4;

-- ----------------------------
--  Table structure for `customer_purchase_supplier_commodity`
-- ----------------------------
DROP TABLE IF EXISTS `customer_purchase_supplier_commodity`;
CREATE TABLE `customer_purchase_supplier_commodity` (
  `id` int(10) unsigned NOT NULL AUTO_INCREMENT COMMENT '流水号',
  `createtime` datetime DEFAULT NULL COMMENT '创建时间',
  `customer_purchase_log_id` int(10) unsigned DEFAULT NULL COMMENT '采购记录ID',
  `purchase_no` int(10) unsigned DEFAULT NULL COMMENT '采购编号',
  `customer_supplier_id` int(10) unsigned DEFAULT NULL COMMENT '供应商ID',
  `total_supplier_freight_amount` decimal(10,2) DEFAULT NULL COMMENT '该供应商总运费',
  `total_supplier_other_amount` decimal(10,2) DEFAULT NULL COMMENT '该供应商总其他费用',
  `total_commodity_amount` decimal(10,2) DEFAULT NULL COMMENT '该供应商提供的商品总金额',
  PRIMARY KEY (`id`)
) ENGINE=InnoDB DEFAULT CHARSET=utf8mb4;

-- ----------------------------
--  Table structure for `customer_seckill_time`
-- ----------------------------
DROP TABLE IF EXISTS `customer_seckill_time`;
CREATE TABLE `customer_seckill_time` (
  `id` int(10) unsigned NOT NULL AUTO_INCREMENT COMMENT '流水号',
  `createtime` datetime DEFAULT NULL COMMENT '创建时间',
  `customer_id` int(10) unsigned DEFAULT NULL COMMENT '客户ID',
  `begin_time` datetime DEFAULT NULL COMMENT '开始时间',
  PRIMARY KEY (`id`)
) ENGINE=InnoDB DEFAULT CHARSET=utf8mb4;

-- ----------------------------
--  Table structure for `customer_select_recommend`
-- ----------------------------
DROP TABLE IF EXISTS `customer_select_recommend`;
CREATE TABLE `customer_select_recommend` (
  `id` int(10) unsigned NOT NULL AUTO_INCREMENT COMMENT '流水号',
  `createtime` datetime NOT NULL COMMENT '创建时间',
  `modified_time` datetime DEFAULT NULL COMMENT '最后一次更新时间',
  `customer_id` int(10) unsigned DEFAULT NULL COMMENT '客户ID',
  `image` varchar(255) DEFAULT NULL COMMENT '广告图片路径',
  PRIMARY KEY (`id`)
) ENGINE=InnoDB DEFAULT CHARSET=utf8mb4;

-- ----------------------------
--  Table structure for `customer_select_recommend_pro`
-- ----------------------------
DROP TABLE IF EXISTS `customer_select_recommend_pro`;
CREATE TABLE `customer_select_recommend_pro` (
  `id` int(10) unsigned NOT NULL AUTO_INCREMENT COMMENT '流水号',
  `createtime` datetime NOT NULL COMMENT '创建时间',
  `modified_time` datetime DEFAULT NULL COMMENT '最后一次更新时间',
  `pro_id` int(10) unsigned DEFAULT NULL COMMENT '商品ID',
  `pro_code` varchar(20) DEFAULT NULL COMMENT '商品编码',
  `pro_detail_id` int(10) unsigned DEFAULT NULL COMMENT '商品详情ID',
  `select_recommend_id` int(10) unsigned DEFAULT NULL COMMENT '精选推荐ID',
  PRIMARY KEY (`id`)
) ENGINE=InnoDB DEFAULT CHARSET=utf8mb4;

-- ----------------------------
--  Table structure for `customer_staff`
-- ----------------------------
DROP TABLE IF EXISTS `customer_staff`;
CREATE TABLE `customer_staff` (
  `id` int(10) unsigned NOT NULL AUTO_INCREMENT COMMENT '流水号',
  `createtime` datetime DEFAULT NULL COMMENT '创建时间',
  `modified_time` datetime DEFAULT NULL COMMENT '最后一次更新时间',
  `department_id` int(10) unsigned DEFAULT NULL COMMENT '所属部门ID',
  `role_id` int(10) unsigned DEFAULT '0' COMMENT '所属角色ID',
  `staff_name` varchar(30) DEFAULT NULL COMMENT '员工姓名',
  `staff_no` varchar(30) DEFAULT NULL COMMENT '员工编号',
  `staff_phone` varchar(20) DEFAULT NULL COMMENT '员工联系电话',
  `staff_sex` tinyint(3) unsigned DEFAULT NULL COMMENT '员工性别(0男 1女)',
  `staff_age` tinyint(3) unsigned DEFAULT NULL COMMENT '员工年龄',
  `isvalid` tinyint(3) unsigned DEFAULT '0' COMMENT '是否有效（0有效 1无效）',
  `user_id` int(10) unsigned DEFAULT '0' COMMENT '用户ID',
  PRIMARY KEY (`id`)
) ENGINE=InnoDB AUTO_INCREMENT=3 DEFAULT CHARSET=utf8mb4;

-- ----------------------------
--  Records of `customer_staff`
-- ----------------------------
BEGIN;
INSERT INTO `customer_staff` VALUES ('1', '2017-09-08 10:23:04', null, '1', '0', '江采购', 'MP-0001', '13556631734', '0', '18', '0', '0'), ('2', '2017-09-08 15:30:59', null, '5', '0', '何仓管', 'WH-0001', '18578466997', '0', '25', '0', '0');
COMMIT;

-- ----------------------------
--  Table structure for `customer_stock`
-- ----------------------------
DROP TABLE IF EXISTS `customer_stock`;
CREATE TABLE `customer_stock` (
  `id` int(10) unsigned NOT NULL AUTO_INCREMENT COMMENT '流水号',
  `customer_commodity_id` int(10) unsigned DEFAULT NULL COMMENT '客户产品ID',
  `customer_id` int(10) unsigned DEFAULT NULL COMMENT '客户ID',
  `unit` char(10) DEFAULT NULL COMMENT '产品单位',
  `total_amount` decimal(10,2) DEFAULT NULL COMMENT '总金额',
  `stock_warning_value` int(10) unsigned DEFAULT NULL COMMENT '库存预警值',
  `bar_code` varchar(255) NOT NULL COMMENT '产品条形码',
  `pro_type_id` int(10) unsigned DEFAULT NULL COMMENT '二级分类ID',
  `brand_id` int(10) unsigned DEFAULT NULL COMMENT '品牌ID',
  `createtime` datetime DEFAULT NULL COMMENT '创建时间',
  `modified_time` datetime DEFAULT NULL COMMENT '最后一次更新时间',
  `history_stock` int(10) unsigned DEFAULT NULL COMMENT '商品历史总库存',
  `headquarters_stock` int(10) unsigned DEFAULT NULL COMMENT '总店库存',
  `exception_stock` int(10) unsigned DEFAULT NULL COMMENT '异常库存',
  PRIMARY KEY (`id`)
) ENGINE=InnoDB DEFAULT CHARSET=utf8mb4;

-- ----------------------------
--  Table structure for `customer_stock_log`
-- ----------------------------
DROP TABLE IF EXISTS `customer_stock_log`;
CREATE TABLE `customer_stock_log` (
  `id` int(10) unsigned NOT NULL AUTO_INCREMENT COMMENT '流水号',
  `createtime` datetime DEFAULT NULL COMMENT '创建时间',
  `modified_time` datetime DEFAULT NULL COMMENT '最后一次更新时间',
  `customer_id` int(10) unsigned DEFAULT NULL COMMENT '客户ID',
  `customer_staff_id` int(10) unsigned DEFAULT NULL COMMENT '操作人ID',
  `stock_count` int(10) unsigned DEFAULT NULL COMMENT '出入库数量',
  `prime_costs` decimal(10,2) DEFAULT NULL COMMENT '出入库时价格',
  `stock_number` varchar(30) DEFAULT NULL COMMENT '出入库单号',
  `stock_type` tinyint(3) unsigned DEFAULT NULL COMMENT '库存记录类型(0入库 1出库)',
  `total_amount` decimal(10,2) DEFAULT NULL COMMENT '总金额',
  `unit` char(10) DEFAULT NULL COMMENT '产品单位',
  `customer_stock_id` int(10) unsigned DEFAULT NULL COMMENT '客户库存ID',
  `customer_commodity_batch_id` int(10) unsigned DEFAULT NULL COMMENT '客户产品批次ID',
  `customer_commodity_id` int(10) unsigned DEFAULT NULL COMMENT '客户产品ID',
  `customer_purchase_storage_id` int(10) unsigned DEFAULT NULL COMMENT '入库单ID',
  `customer_purchase_storage_detail_id` int(10) unsigned DEFAULT NULL COMMENT '入库单详情ID',
  PRIMARY KEY (`id`)
) ENGINE=InnoDB DEFAULT CHARSET=utf8mb4;

-- ----------------------------
--  Table structure for `customer_store`
-- ----------------------------
DROP TABLE IF EXISTS `customer_store`;
CREATE TABLE `customer_store` (
  `id` int(10) unsigned NOT NULL AUTO_INCREMENT COMMENT '流水号',
  `createtime` datetime DEFAULT NULL COMMENT '创建时间',
  `modified_time` datetime DEFAULT NULL COMMENT '最后一次更新时间',
  `store_no` varchar(30) NOT NULL COMMENT '门店编号',
  `store_name` varchar(50) DEFAULT NULL COMMENT '门店名称',
  `store_address` varchar(150) DEFAULT NULL COMMENT '门店地址',
  `store_phone` varchar(30) DEFAULT NULL COMMENT '门店电话',
  `prov_id` int(10) unsigned DEFAULT NULL COMMENT '省份',
  `city_id` int(10) unsigned DEFAULT NULL COMMENT '城市',
  `area_id` int(10) unsigned DEFAULT NULL COMMENT '区域',
  `customer_id` int(10) unsigned DEFAULT NULL COMMENT '客户ID',
  `customer_type` tinyint(3) unsigned DEFAULT NULL COMMENT '客户类型',
  `business_hours` varchar(30) DEFAULT NULL COMMENT '营业时间',
  `isvalid` tinyint(3) unsigned DEFAULT NULL COMMENT '是否有效(0有效 1无效)',
  PRIMARY KEY (`id`,`store_no`)
) ENGINE=InnoDB DEFAULT CHARSET=utf8mb4;

-- ----------------------------
--  Table structure for `customer_store_commodity_batch`
-- ----------------------------
DROP TABLE IF EXISTS `customer_store_commodity_batch`;
CREATE TABLE `customer_store_commodity_batch` (
  `id` int(10) unsigned NOT NULL AUTO_INCREMENT COMMENT '流水号',
  `createtime` datetime DEFAULT NULL COMMENT '创建时间',
  `modified_time` datetime DEFAULT NULL COMMENT '最后一次更新时间',
  `customer_commodity_batch_id` int(10) unsigned DEFAULT NULL COMMENT '客户产品批次ID',
  `customer_store_stock_id` int(10) unsigned DEFAULT NULL COMMENT '客户门店库存ID',
  `date_of_manufacture` datetime DEFAULT NULL COMMENT '生产日期',
  `quality_guarantee_period_warning_value` tinyint(3) unsigned DEFAULT NULL COMMENT '保质期预警值',
  `store_batch_num` int(10) unsigned DEFAULT NULL COMMENT '批次数量',
  `unit` char(10) DEFAULT NULL COMMENT '产品单位',
  `total_amount` decimal(10,2) DEFAULT NULL COMMENT '总金额',
  `commodity_price` decimal(10,2) DEFAULT NULL COMMENT '产品进货价格',
  `store_surplus_batch_num` int(10) unsigned DEFAULT NULL COMMENT '门店批次剩余数量',
  `store_exception_batch_num` int(10) unsigned DEFAULT NULL COMMENT '门店批次异常数量',
  PRIMARY KEY (`id`)
) ENGINE=InnoDB DEFAULT CHARSET=utf8mb4;

-- ----------------------------
--  Table structure for `customer_store_commodity_batch_detail`
-- ----------------------------
DROP TABLE IF EXISTS `customer_store_commodity_batch_detail`;
CREATE TABLE `customer_store_commodity_batch_detail` (
  `id` int(10) unsigned NOT NULL AUTO_INCREMENT COMMENT '流水号',
  `createtime` datetime DEFAULT NULL COMMENT '创建时间',
  `modified_time` datetime DEFAULT NULL COMMENT '最后一次更新时间',
  `customer_store_purchase_detail_id` int(10) unsigned DEFAULT NULL COMMENT '客户门店采购详情ID',
  `customer_commodity_batch_id` int(10) unsigned DEFAULT NULL COMMENT '客户产品批次ID',
  `batch_num` int(10) unsigned DEFAULT NULL COMMENT '采购数量',
  `unit` char(10) DEFAULT NULL COMMENT '产品单位',
  `total_amount` decimal(10,2) DEFAULT NULL COMMENT '总金额',
  `commodity_price` decimal(10,2) DEFAULT NULL COMMENT '产品进货价格',
  PRIMARY KEY (`id`)
) ENGINE=InnoDB DEFAULT CHARSET=utf8mb4;

-- ----------------------------
--  Table structure for `customer_store_purchase_detail`
-- ----------------------------
DROP TABLE IF EXISTS `customer_store_purchase_detail`;
CREATE TABLE `customer_store_purchase_detail` (
  `id` int(10) unsigned NOT NULL AUTO_INCREMENT COMMENT '流水号',
  `createtime` datetime DEFAULT NULL COMMENT '创建时间',
  `modified_time` datetime DEFAULT NULL COMMENT '最后一次更新时间',
  `customer_commodity_id` int(10) unsigned DEFAULT NULL COMMENT '客户产品ID',
  `customer_store_purchase_log_id` int(10) unsigned DEFAULT NULL COMMENT '门店采购记录ID',
  `purchase_no` int(10) unsigned DEFAULT NULL COMMENT '门店采购编号',
  `customer_stock` int(10) unsigned DEFAULT NULL COMMENT '客户库存ID',
  `purchase_num` int(10) unsigned DEFAULT NULL COMMENT '采购数量',
  `total_amount` decimal(10,2) DEFAULT NULL COMMENT '采购总金额',
  PRIMARY KEY (`id`)
) ENGINE=InnoDB DEFAULT CHARSET=utf8mb4;

-- ----------------------------
--  Table structure for `customer_store_purchase_log`
-- ----------------------------
DROP TABLE IF EXISTS `customer_store_purchase_log`;
CREATE TABLE `customer_store_purchase_log` (
  `id` int(10) unsigned NOT NULL AUTO_INCREMENT COMMENT '流水号',
  `store_no` varchar(30) DEFAULT NULL COMMENT '门店编号',
  `createtime` datetime DEFAULT NULL COMMENT '创建时间',
  `modified_time` datetime DEFAULT NULL COMMENT '最后一次更新时间',
  `store_purchase_no` int(10) unsigned NOT NULL COMMENT '采购编号',
  `customer_store_id` int(10) unsigned DEFAULT NULL COMMENT '门店ID',
  `customer_id` int(10) unsigned DEFAULT NULL COMMENT '客户ID',
  `customer_staff_id` int(10) unsigned DEFAULT NULL COMMENT '客户员工ID',
  `total_commodity_amount` decimal(10,2) DEFAULT NULL COMMENT '采购总金额',
  `is_check_purchase` tinyint(3) unsigned DEFAULT NULL COMMENT '是否需要验单(0不需要 1需要)',
  `customer_staff_check_id` int(10) unsigned DEFAULT NULL COMMENT '验单员ID',
  `check_time` datetime DEFAULT NULL COMMENT '验单时间',
  `check_remarks` varchar(255) DEFAULT NULL COMMENT '验单备注',
  `check_status` tinyint(3) unsigned DEFAULT NULL COMMENT '验单状态(0通过 1拒绝 2 未验单)',
  PRIMARY KEY (`id`)
) ENGINE=InnoDB DEFAULT CHARSET=utf8mb4;

-- ----------------------------
--  Table structure for `customer_store_stock`
-- ----------------------------
DROP TABLE IF EXISTS `customer_store_stock`;
CREATE TABLE `customer_store_stock` (
  `id` int(10) unsigned NOT NULL AUTO_INCREMENT COMMENT '流水号',
  `store_no` varchar(30) DEFAULT NULL COMMENT '门店编号',
  `createtime` datetime DEFAULT NULL COMMENT '创建时间',
  `modified_time` datetime DEFAULT NULL COMMENT '最后一次更新时间',
  `commodity_id` int(10) unsigned DEFAULT NULL COMMENT '产品库ID',
  `customer_id` int(10) unsigned DEFAULT NULL COMMENT '客户ID',
  `customer_store_id` int(10) unsigned DEFAULT NULL COMMENT '门店ID',
  `customer_stock` int(10) unsigned DEFAULT NULL COMMENT '客户库存ID',
  `stock_warning_value` int(10) unsigned DEFAULT NULL COMMENT '库存预警值',
  `bar_code` varchar(255) NOT NULL COMMENT '产品条形码',
  `unit` char(10) DEFAULT NULL COMMENT '产品单位',
  `store_actual_stock` int(10) unsigned DEFAULT NULL COMMENT '商品库存',
  `total_amount` decimal(10,2) DEFAULT NULL COMMENT '总金额',
  `store_history_stock` int(10) unsigned DEFAULT NULL COMMENT '门店历史库存',
  `store_exception_stock` int(10) unsigned DEFAULT NULL COMMENT '门店异常库存',
  PRIMARY KEY (`id`)
) ENGINE=InnoDB DEFAULT CHARSET=utf8mb4;

-- ----------------------------
--  Table structure for `customer_store_stock_log`
-- ----------------------------
DROP TABLE IF EXISTS `customer_store_stock_log`;
CREATE TABLE `customer_store_stock_log` (
  `id` int(10) unsigned NOT NULL AUTO_INCREMENT COMMENT '流水号',
  `createtime` datetime DEFAULT NULL COMMENT '创建时间',
  `modified_time` datetime DEFAULT NULL COMMENT '最后一次更新时间',
  `customer_id` int(10) unsigned DEFAULT NULL COMMENT '客户ID',
  `customer_staff_id` int(10) unsigned DEFAULT NULL COMMENT '操作人ID',
  `stock_count` int(10) unsigned DEFAULT NULL COMMENT '出入库数量',
  `prime_costs` decimal(10,2) DEFAULT NULL COMMENT '出入库时价格',
  `stock_number` varchar(30) DEFAULT NULL COMMENT '出入库单号',
  `stock_type` tinyint(3) unsigned DEFAULT NULL COMMENT '库存记录类型(0入库 1出库)',
  `total_amount` decimal(10,2) DEFAULT NULL COMMENT '总金额',
  `unit` char(10) DEFAULT NULL COMMENT '产品单位',
  `customer_stock_id` int(10) unsigned DEFAULT NULL COMMENT '客户库存ID',
  `commodity_id` int(10) unsigned DEFAULT NULL COMMENT '产品库ID',
  `customer_commodity_batch_id` int(10) unsigned DEFAULT NULL COMMENT '客户产品批次ID',
  PRIMARY KEY (`id`)
) ENGINE=InnoDB DEFAULT CHARSET=utf8mb4;

-- ----------------------------
--  Table structure for `customer_supplier`
-- ----------------------------
DROP TABLE IF EXISTS `customer_supplier`;
CREATE TABLE `customer_supplier` (
  `id` int(10) unsigned NOT NULL AUTO_INCREMENT COMMENT '流水号',
  `createtime` datetime DEFAULT NULL COMMENT '创建时间',
  `modified_time` datetime DEFAULT NULL COMMENT '最后一次更新时间',
  `supplier_no` varchar(30) DEFAULT NULL COMMENT '供应商编号',
  `supplier_name` varchar(30) DEFAULT NULL COMMENT '供应商名称',
  `customer_id` int(10) unsigned DEFAULT NULL COMMENT '所属客户ID',
  `contact_name` varchar(20) DEFAULT NULL COMMENT '供应商联系人姓名',
  `contact_phone` varchar(20) DEFAULT NULL COMMENT '供应商联系人电话',
  `contact_address` varchar(50) DEFAULT NULL COMMENT '供应商地址',
  `settlement_method` tinyint(3) unsigned DEFAULT NULL COMMENT '供应商结算方式(0现结 1月结 2季结 3)',
  `bank_account` varchar(20) DEFAULT NULL COMMENT '供应商银行账号',
  `account_name` varchar(20) DEFAULT NULL COMMENT '账户姓名',
  `bank_name` varchar(30) DEFAULT NULL COMMENT '银行名称',
  `isvalid` tinyint(3) unsigned DEFAULT '0' COMMENT '是否有效(0有效 1无效)',
  PRIMARY KEY (`id`)
) ENGINE=InnoDB AUTO_INCREMENT=3 DEFAULT CHARSET=utf8mb4;

-- ----------------------------
--  Records of `customer_supplier`
-- ----------------------------
BEGIN;
INSERT INTO `customer_supplier` VALUES ('1', '2017-09-08 10:54:52', null, '123456', '牛咖供应商', '1', '涛哥', '13556631734', '东莞市南城区华源商业大厦', '1', '621022199004014545', '江涛', '招商银行', '0'), ('2', '2017-09-08 11:00:04', null, '654321', '阿里供应商', '1', '马云', '13556631733', '浙江省杭州市', '1', '621022199004014545', '马云', '建设银行', '0');
COMMIT;

-- ----------------------------
--  Table structure for `customer_system_set`
-- ----------------------------
DROP TABLE IF EXISTS `customer_system_set`;
CREATE TABLE `customer_system_set` (
  `id` int(10) unsigned NOT NULL AUTO_INCREMENT COMMENT '流水号',
  `createtime` datetime NOT NULL COMMENT '创建时间',
  `modified_time` datetime DEFAULT NULL COMMENT '最后一次更新时间',
  `customer_id` int(10) unsigned DEFAULT NULL COMMENT '客户ID',
  `alipay_sta` tinyint(3) unsigned DEFAULT NULL COMMENT '(开启支付宝支付0开启1关闭)',
  `wxpay_sta` tinyint(3) unsigned DEFAULT NULL COMMENT '(开启微信支付0开启1关闭)',
  `unionpay_sta` tinyint(3) unsigned DEFAULT NULL COMMENT '(开启银联支付0开启1关闭)',
  `user_register_argeement` text COMMENT '(会员注册协议)',
  `about_us` text COMMENT '关于我们',
  `custom_phone` varchar(20) DEFAULT NULL COMMENT '客服电话',
  `address` varchar(100) DEFAULT NULL COMMENT '客户退货地址',
  `share_describe` varchar(100) DEFAULT NULL COMMENT '分享描述',
  `deposit_rule` text COMMENT '充值规则',
  `deposit_get_type` tinyint(3) unsigned DEFAULT NULL COMMENT '充值赠送类型(0 送积分 1送余额)',
  `deposit_is_get_switch` tinyint(3) unsigned DEFAULT NULL COMMENT '充值是否赠送开关(0开启 1关闭)',
  `deposit_get_ratio` decimal(3,2) DEFAULT NULL COMMENT '充值赠送比例',
  `sign_switch` tinyint(3) unsigned DEFAULT NULL COMMENT '是否有签到功能开关',
  `sign_get_integral_num` tinyint(3) unsigned DEFAULT NULL COMMENT '签到获取积分',
  `sign_rule` text COMMENT '签到规则',
  `integral_deductible_switch` tinyint(3) unsigned DEFAULT NULL COMMENT '积分抵扣开关',
  `integral_deductible_order_ratio` decimal(3,2) DEFAULT NULL COMMENT '积分能抵扣的订单总额百分比',
  `integral_amount_transformation_ratio` decimal(3,2) DEFAULT NULL COMMENT '积分金额转换比例',
  `get_integral_switch` tinyint(3) unsigned DEFAULT NULL COMMENT '积分奖励开关',
  `transaction_get_integral_type` tinyint(3) unsigned DEFAULT NULL COMMENT '订单交易获得积分方式(0按成交订单金额比例 1按购买商品设置的积分)',
  `transaction_get_integral_ratio` decimal(3,2) DEFAULT NULL COMMENT '按成交订单金额比例获得积分的值',
  `member_card_rule` text COMMENT '会员卡使用规则',
  PRIMARY KEY (`id`)
) ENGINE=InnoDB DEFAULT CHARSET=utf8mb4;

-- ----------------------------
--  Table structure for `customer_theme`
-- ----------------------------
DROP TABLE IF EXISTS `customer_theme`;
CREATE TABLE `customer_theme` (
  `id` int(10) unsigned NOT NULL AUTO_INCREMENT COMMENT '流水号',
  `createtime` datetime DEFAULT NULL COMMENT '创建时间',
  `modified_time` datetime DEFAULT NULL COMMENT '最后一次更新时间',
  `customer_id` int(10) unsigned DEFAULT NULL COMMENT '客户ID',
  `theme_name` varchar(50) DEFAULT NULL COMMENT '主题名称',
  `theme_describe` varchar(50) DEFAULT NULL COMMENT '主题描述',
  `theme_type` tinyint(3) unsigned DEFAULT NULL COMMENT '主题类型(0秒杀 1特价 2 满减)',
  `image` varchar(255) DEFAULT NULL COMMENT '满减区广告图片',
  `pro_id` int(10) unsigned DEFAULT NULL COMMENT '绑定的商品ID',
  PRIMARY KEY (`id`)
) ENGINE=InnoDB DEFAULT CHARSET=utf8mb4;

-- ----------------------------
--  Table structure for `customer_user`
-- ----------------------------
DROP TABLE IF EXISTS `customer_user`;
CREATE TABLE `customer_user` (
  `id` int(10) unsigned NOT NULL AUTO_INCREMENT COMMENT '流水号',
  `store_no` varchar(30) DEFAULT NULL COMMENT '门店编号',
  `account` varchar(50) NOT NULL COMMENT '登录名',
  `customer_id` int(10) unsigned DEFAULT NULL COMMENT '客户ID',
  `user_id` int(10) unsigned DEFAULT NULL COMMENT '用户ID',
  `customer_store_id` int(10) unsigned DEFAULT NULL COMMENT '门店ID',
  `createtime` datetime DEFAULT NULL COMMENT '创建时间',
  `password` varchar(100) DEFAULT NULL,
  `open_id` varchar(100) DEFAULT NULL COMMENT '微信公众号open_id',
  PRIMARY KEY (`id`)
) ENGINE=InnoDB AUTO_INCREMENT=8 DEFAULT CHARSET=utf8mb4;

-- ----------------------------
--  Records of `customer_user`
-- ----------------------------
BEGIN;
INSERT INTO `customer_user` VALUES ('1', null, '13556631734', '1', '4', null, '2017-09-07 17:03:37', '26524bdf4ea266f131566a89e8f4972c', ''), ('7', null, '13929204007', '1', '89', null, '2017-09-18 20:41:12', '26524bdf4ea266f131566a89e8f4972c', null);
COMMIT;

-- ----------------------------
--  Table structure for `customer_wxpay_config`
-- ----------------------------
DROP TABLE IF EXISTS `customer_wxpay_config`;
CREATE TABLE `customer_wxpay_config` (
  `id` int(10) unsigned NOT NULL AUTO_INCREMENT COMMENT '流水号',
  `app_id` varchar(30) DEFAULT NULL COMMENT '微信公众平台应用id',
  `app_secret` varchar(50) DEFAULT NULL COMMENT '微信公众平台应用秘钥',
  `access_token` varchar(255) DEFAULT NULL COMMENT '接口调用凭据',
  `jsapi_ticket` varchar(255) DEFAULT NULL COMMENT 'jssdk调用凭据',
  `access_token_extime` datetime DEFAULT NULL COMMENT 'access_token过期时间',
  `jsapi_ticket_extime` datetime DEFAULT NULL COMMENT 'jsapi_ticket过期时间',
  `qrcode` varchar(255) DEFAULT NULL COMMENT '公众账号二维码图片地址',
  `partner` varchar(32) DEFAULT NULL COMMENT '微信公众平台商户号',
  `partner_key` varchar(32) DEFAULT NULL COMMENT '微信公众平台商户秘钥',
  `cert_path` varchar(255) DEFAULT NULL COMMENT '安全证书目录',
  `url` varchar(255) DEFAULT NULL COMMENT '微信开发者模式url回调接口',
  `original_id` varchar(50) DEFAULT NULL COMMENT '微信公众平台原始id',
  `status` tinyint(3) unsigned DEFAULT NULL COMMENT '是否可用(0启用 1禁用)',
  `customer_id` int(10) unsigned DEFAULT NULL COMMENT '客户ID',
  `createtime` datetime NOT NULL COMMENT '创建时间',
  `modified_time` datetime DEFAULT NULL COMMENT '最后一次更新时间',
  PRIMARY KEY (`id`)
) ENGINE=InnoDB DEFAULT CHARSET=utf8mb4;

-- ----------------------------
--  Table structure for `customer_wxpay_open_config`
-- ----------------------------
DROP TABLE IF EXISTS `customer_wxpay_open_config`;
CREATE TABLE `customer_wxpay_open_config` (
  `id` int(10) unsigned NOT NULL AUTO_INCREMENT COMMENT '流水号',
  `app_id` varchar(30) DEFAULT NULL COMMENT '微信开放平台应用id',
  `app_secret` varchar(50) DEFAULT NULL COMMENT '微信开放平台应用秘钥',
  `partner` varchar(32) DEFAULT NULL COMMENT '微信开放平台商户号',
  `partner_key` varchar(32) DEFAULT NULL COMMENT '微信开放平台商户秘钥',
  `cert_path` varchar(200) DEFAULT NULL COMMENT '安全证书目录',
  `status` tinyint(3) unsigned DEFAULT NULL COMMENT '是否可用(0启用 1禁用)',
  `customer_id` int(10) unsigned DEFAULT NULL COMMENT '客户ID',
  `createtime` datetime NOT NULL COMMENT '创建时间',
  `modified_time` datetime DEFAULT NULL COMMENT '最后一次更新时间',
  PRIMARY KEY (`id`)
) ENGINE=InnoDB DEFAULT CHARSET=utf8mb4;

-- ----------------------------
--  Table structure for `logistics`
-- ----------------------------
DROP TABLE IF EXISTS `logistics`;
CREATE TABLE `logistics` (
  `id` int(10) unsigned NOT NULL AUTO_INCREMENT COMMENT '流水号',
  `name` varchar(50) DEFAULT NULL COMMENT '(物流名称)',
  `code` varchar(50) DEFAULT NULL COMMENT '(物流编码)',
  PRIMARY KEY (`id`)
) ENGINE=InnoDB AUTO_INCREMENT=92 DEFAULT CHARSET=utf8mb4;

-- ----------------------------
--  Records of `logistics`
-- ----------------------------
BEGIN;
INSERT INTO `logistics` VALUES ('2', 'AAE全球专递', 'aae'), ('3', '安捷快递', 'anjie'), ('4', '安信达快递', 'anxindakuaixi'), ('5', '彪记快递', 'biaojikuaidi'), ('6', 'BHT快递', 'bht'), ('7', '百福东方国际物流', 'baifudongfang'), ('8', '中国东方（COE）', 'coe'), ('9', '长宇物流', 'changyuwuliu'), ('10', '大田物流', 'datianwuliu'), ('11', '德邦物流', 'debangwuliu'), ('12', 'DHL快递', 'dhl'), ('13', 'DPEX国际快递', 'dpex'), ('14', 'D速快递', 'dsukuaidi'), ('15', '递四方', 'disifang'), ('16', 'EMS快递', 'ems'), ('17', 'fedex国际快递', 'fedex'), ('18', '飞康达物流', 'feikangda'), ('19', '凤凰快递', 'fenghuangkuaidi'), ('20', '飞快达速递', 'feikuaida'), ('21', '国通快递', 'guotongkuaidi'), ('22', '港中能达物流', 'ganzhongnengda'), ('23', '广东邮政物流', 'guangdongyouzhengwuliu'), ('24', '共速达', 'gongsuda'), ('25', '汇通快运', 'huitongkuaidi'), ('26', '恒路物流', 'hengluwuliu'), ('27', '华夏龙物流', 'huaxialongwuliu'), ('28', '海红快递', 'haihongwangsong'), ('29', '海外环球', 'haiwaihuanqiu'), ('30', '佳怡物流', 'jiayiwuliu'), ('31', '京广速递', 'jinguangsudikuaijian'), ('32', '急先达', 'jixianda'), ('33', '佳吉物流', 'jjwl'), ('34', '加运美物流', 'jymwl'), ('35', '金大物流', 'jindawuliu'), ('36', '嘉里大通', 'jialidatong'), ('37', '晋越快递', 'jykd'), ('38', '快捷速递', 'kuaijiesudi'), ('39', '联邦快递（国内）', 'lianb'), ('40', '联昊通物流', 'lianhaowuliu'), ('41', '龙邦物流', 'longbanwuliu'), ('42', '立即送', 'lijisong'), ('43', '乐捷递', 'lejiedi'), ('44', '民航快递', 'minghangkuaidi'), ('45', '美国快递', 'meiguokuaidi'), ('46', '门对门', 'menduimen'), ('47', 'OCS', 'ocs'), ('48', '配思货运', 'peisihuoyunkuaidi'), ('49', '全晨快递', 'quanchenkuaidi'), ('50', '全峰快递', 'quanfengkuaidi'), ('51', '全际通物流', 'quanjitong'), ('52', '全日通快递', 'quanritongkuaidi'), ('53', '全一快递', 'quanyikuaidi'), ('54', '如风达', 'rufengda'), ('55', '三态速递', 'santaisudi'), ('56', '盛辉物流', 'shenghuiwuliu'), ('57', '申通快递', 'shentong'), ('58', '顺丰快递', 'shunfeng'), ('59', '速尔物流', 'sue'), ('60', '盛丰物流', 'shengfeng'), ('61', '赛澳递', 'saiaodi'), ('62', '天地华宇', 'tiandihuayu'), ('63', '天天快递', 'tiantian'), ('64', 'TNT', 'tnt'), ('65', 'UPS', 'ups'), ('66', '万家物流', 'wanjiawuliu'), ('67', '文捷航空速递', 'wenjiesudi'), ('68', '伍圆', 'wuyuan'), ('69', '万象物流', 'wxwl'), ('70', '新邦物流', 'xinbangwuliu'), ('71', '信丰物流', 'xinfengwuliu'), ('72', '亚风速递', 'yafengsudi'), ('73', '一邦速递', 'yibangwuliu'), ('74', '优速物流', 'youshuwuliu'), ('75', '邮政包裹挂号信', 'youzhengguonei'), ('76', '邮政国际包裹挂号信', 'youzhengguoji'), ('77', '远成物流', 'yuanchengwuliu'), ('78', '圆通速递', 'yuantong'), ('79', '源伟丰快递', 'yuanweifeng'), ('80', '元智捷诚快递', 'yuanzhijiecheng'), ('81', '韵达快运', 'yunda'), ('82', '运通快递', 'yuntongkuaidi'), ('83', '越丰物流', 'yuefengwuliu'), ('84', '源安达', 'yad'), ('85', '银捷速递', 'yinjiesudi'), ('86', '宅急送', 'zhaijisong'), ('87', '中铁快运', 'zhongtiekuaiyun'), ('88', '中通速递', 'zhongtong'), ('89', '中邮物流', 'zhongyouwuliu'), ('90', '忠信达', 'zhongxinda'), ('91', '芝麻开门', 'zhimakaimen');
COMMIT;

-- ----------------------------
--  Table structure for `member_deposit_log`
-- ----------------------------
DROP TABLE IF EXISTS `member_deposit_log`;
CREATE TABLE `member_deposit_log` (
  `id` int(10) unsigned NOT NULL AUTO_INCREMENT COMMENT '流水号',
  `user_id` int(10) unsigned DEFAULT NULL COMMENT '(会员ID)',
  `customer_id` int(10) unsigned DEFAULT NULL COMMENT '客户ID',
  `amount` decimal(10,2) DEFAULT NULL COMMENT '(金额)',
  `createtime` datetime DEFAULT NULL COMMENT '(创建时间)',
  `pay_type` tinyint(3) unsigned DEFAULT NULL COMMENT '(1:支付宝，2：微信3.银行卡 4会员卡充值)',
  `get_give_value` tinyint(3) unsigned DEFAULT NULL COMMENT '(获取赠送的值)',
  `status` tinyint(3) unsigned DEFAULT NULL COMMENT '(0:未支付，1：已支付)',
  `order_num` varchar(30) DEFAULT NULL COMMENT '(订单编号)',
  `pay_time` datetime DEFAULT NULL COMMENT '支付时间',
  `serial_number` varchar(50) DEFAULT NULL COMMENT '支付流水号',
  `deposit_give_type` tinyint(3) unsigned DEFAULT NULL COMMENT '会员充值赠送类型(0积分 1余额)',
  `deposit_give_ratio` decimal(3,2) DEFAULT NULL COMMENT '充值赠送比例',
  `member_card_id` int(10) unsigned DEFAULT NULL COMMENT '会员卡ID',
  PRIMARY KEY (`id`)
) ENGINE=InnoDB DEFAULT CHARSET=utf8mb4;

-- ----------------------------
--  Table structure for `member_footprint_log`
-- ----------------------------
DROP TABLE IF EXISTS `member_footprint_log`;
CREATE TABLE `member_footprint_log` (
  `id` int(10) unsigned NOT NULL AUTO_INCREMENT COMMENT '流水号',
  `user_id` int(10) unsigned NOT NULL COMMENT '(会员ID)',
  `product_id` int(10) unsigned DEFAULT NULL COMMENT '收藏的商品ID',
  `createtime` datetime NOT NULL COMMENT '(生成时间)',
  `customer_id` int(10) unsigned DEFAULT NULL COMMENT '客户ID',
  `log_type` tinyint(3) unsigned DEFAULT NULL COMMENT '记录类型(0收藏 1浏览商品足迹)',
  PRIMARY KEY (`id`)
) ENGINE=InnoDB DEFAULT CHARSET=utf8mb4;

-- ----------------------------
--  Table structure for `member_integral`
-- ----------------------------
DROP TABLE IF EXISTS `member_integral`;
CREATE TABLE `member_integral` (
  `id` int(10) unsigned NOT NULL AUTO_INCREMENT COMMENT '流水号',
  `createtime` datetime DEFAULT NULL COMMENT '(生成时间)',
  `customer_id` int(10) unsigned DEFAULT NULL COMMENT '客户ID',
  `user_id` int(10) unsigned DEFAULT NULL COMMENT '用户ID',
  `log_id` int(10) unsigned DEFAULT NULL COMMENT '积分记录ID',
  `integral_num` int(10) unsigned DEFAULT NULL COMMENT '(积分数量)',
  `type` tinyint(3) unsigned DEFAULT NULL COMMENT '(积分类型1充值2商品)',
  `integral_type` tinyint(3) unsigned DEFAULT NULL COMMENT '(1:消费,0获得)',
  PRIMARY KEY (`id`)
) ENGINE=InnoDB DEFAULT CHARSET=utf8mb4;

-- ----------------------------
--  Table structure for `member_level`
-- ----------------------------
DROP TABLE IF EXISTS `member_level`;
CREATE TABLE `member_level` (
  `id` int(10) unsigned NOT NULL AUTO_INCREMENT COMMENT '流水号',
  `createtime` datetime DEFAULT NULL COMMENT '创建时间',
  `modified_time` datetime DEFAULT NULL COMMENT '最后一次更新时间',
  `customer_id` int(10) unsigned DEFAULT NULL COMMENT '客户ID',
  `level_name` varchar(30) DEFAULT NULL COMMENT '级别名称',
  `consumption_amount` decimal(10,2) DEFAULT NULL COMMENT '升级需要消费的金额',
  `customer_member_level_id` int(10) unsigned DEFAULT NULL COMMENT '客户会员等级ID',
  `user_id` int(10) unsigned DEFAULT NULL COMMENT '(用户ID)',
  PRIMARY KEY (`id`)
) ENGINE=InnoDB DEFAULT CHARSET=utf8mb4;

-- ----------------------------
--  Table structure for `member_sign_in`
-- ----------------------------
DROP TABLE IF EXISTS `member_sign_in`;
CREATE TABLE `member_sign_in` (
  `id` int(10) unsigned NOT NULL AUTO_INCREMENT COMMENT '流水号',
  `customer_id` int(10) unsigned DEFAULT NULL COMMENT '客户ID',
  `user_id` int(10) unsigned DEFAULT NULL COMMENT '(会员ID)',
  `createtime` datetime DEFAULT NULL COMMENT '(创建时间)',
  `get_integral` tinyint(3) unsigned DEFAULT NULL COMMENT '获得积分',
  PRIMARY KEY (`id`)
) ENGINE=InnoDB DEFAULT CHARSET=utf8mb4;

-- ----------------------------
--  Table structure for `member_transaction_records`
-- ----------------------------
DROP TABLE IF EXISTS `member_transaction_records`;
CREATE TABLE `member_transaction_records` (
  `id` int(10) unsigned NOT NULL AUTO_INCREMENT COMMENT '流水号',
  `createtime` datetime DEFAULT NULL COMMENT '(创建时间)',
  `customer_id` int(10) unsigned DEFAULT NULL COMMENT '客户ID',
  `user_id` int(10) unsigned DEFAULT NULL COMMENT '(会员ID)',
  `amount` decimal(10,2) DEFAULT NULL COMMENT '(金额)',
  `pay_type` tinyint(3) unsigned DEFAULT NULL COMMENT '(支付类型0余额1支付宝2微信3银联)',
  `type` tinyint(3) unsigned DEFAULT NULL COMMENT '(收支类型1:支出，2：收入)',
  `log_id` int(10) unsigned DEFAULT NULL COMMENT '记录ID',
  `order_type` tinyint(3) unsigned DEFAULT NULL COMMENT '交易类型1充值，2购买，3退款',
  PRIMARY KEY (`id`)
) ENGINE=InnoDB DEFAULT CHARSET=utf8mb4;

-- ----------------------------
--  Table structure for `message`
-- ----------------------------
DROP TABLE IF EXISTS `message`;
CREATE TABLE `message` (
  `id` int(10) unsigned NOT NULL AUTO_INCREMENT COMMENT '流水号',
  `customer_id` int(10) unsigned DEFAULT NULL COMMENT '客户ID',
  `title` varchar(255) DEFAULT NULL COMMENT '(标题)',
  `content` text COMMENT '(内容)',
  `createtime` datetime DEFAULT NULL COMMENT '(创建时间)',
  `introduction` varchar(255) DEFAULT NULL COMMENT '消息简介',
  PRIMARY KEY (`id`)
) ENGINE=InnoDB DEFAULT CHARSET=utf8mb4;

-- ----------------------------
--  Table structure for `message_personal`
-- ----------------------------
DROP TABLE IF EXISTS `message_personal`;
CREATE TABLE `message_personal` (
  `id` int(10) unsigned NOT NULL AUTO_INCREMENT COMMENT '流水号',
  `customer_id` int(10) unsigned DEFAULT NULL COMMENT '客户ID',
  `message_id` int(10) unsigned DEFAULT NULL COMMENT '(消息id)',
  `user_id` int(10) unsigned DEFAULT NULL COMMENT '(会员ID)',
  `createtime` datetime DEFAULT NULL COMMENT '(发送时间)',
  `status` tinyint(3) unsigned DEFAULT NULL COMMENT '(是否已经查看0未看 1已看)',
  PRIMARY KEY (`id`)
) ENGINE=InnoDB DEFAULT CHARSET=utf8mb4;

-- ----------------------------
--  Table structure for `order_detail`
-- ----------------------------
DROP TABLE IF EXISTS `order_detail`;
CREATE TABLE `order_detail` (
  `id` int(10) unsigned NOT NULL AUTO_INCREMENT COMMENT '流水号',
  `order_id` int(10) unsigned DEFAULT NULL COMMENT '(订单ID)',
  `pro_id` int(10) unsigned DEFAULT NULL COMMENT '(商品ID)',
  `pro_detail_id` int(10) unsigned DEFAULT NULL COMMENT '商品详情ID',
  `pro_name` varchar(100) DEFAULT NULL COMMENT '(商品名称)',
  `pro_count` int(10) unsigned DEFAULT NULL COMMENT '(商品数量)',
  `pro_price` double(10,2) DEFAULT NULL COMMENT '(商品单价)',
  `spe_value` varchar(50) DEFAULT NULL COMMENT '(规格属性值)',
  `refund_status` tinyint(3) unsigned DEFAULT NULL COMMENT '退款申请状态(审核状态-1未申请，0未审核，1取消退款，2审核通过，3退款拒绝)',
  `customer_coupons_id` int(10) unsigned DEFAULT NULL COMMENT '优惠券ID',
  `customer_coupons_amount` decimal(10,2) DEFAULT NULL COMMENT '优惠券优惠金额',
  `customer_stock_id` int(10) unsigned DEFAULT NULL COMMENT '库存ID',
  `customer_commodity_batch_id` int(10) unsigned DEFAULT NULL COMMENT '库存批次ID',
  `customer_store_stock_id` int(10) unsigned DEFAULT NULL COMMENT '门店库存ID',
  `customer_store_commodity_batch_id` int(10) unsigned DEFAULT NULL COMMENT '门店库存批次ID',
  `activity_id` int(10) unsigned DEFAULT NULL COMMENT '活动ID(每日特价ID，满减ID，秒杀ID，有好货ID，特惠ID，精选推荐ID)',
  `activity_type` tinyint(3) unsigned DEFAULT NULL COMMENT '活动类型(0每日特价ID，1满减ID，2秒杀ID，3有好货ID，4特惠ID，5精选推荐ID)',
  PRIMARY KEY (`id`)
) ENGINE=InnoDB DEFAULT CHARSET=utf8mb4;

-- ----------------------------
--  Table structure for `order_log`
-- ----------------------------
DROP TABLE IF EXISTS `order_log`;
CREATE TABLE `order_log` (
  `id` int(10) unsigned NOT NULL AUTO_INCREMENT COMMENT '流水号',
  `content` varchar(255) DEFAULT NULL COMMENT '日志内容',
  `createtime` datetime DEFAULT NULL COMMENT '生成时间',
  `order_id` int(10) unsigned DEFAULT NULL COMMENT '订单ID',
  `order_num` varchar(50) DEFAULT NULL COMMENT '订单号',
  `remark` varchar(255) DEFAULT NULL COMMENT '备注',
  PRIMARY KEY (`id`)
) ENGINE=InnoDB DEFAULT CHARSET=utf8mb4;

-- ----------------------------
--  Table structure for `orders`
-- ----------------------------
DROP TABLE IF EXISTS `orders`;
CREATE TABLE `orders` (
  `id` int(10) unsigned NOT NULL AUTO_INCREMENT COMMENT '流水号',
  `store_no` varchar(30) DEFAULT NULL COMMENT '门店编号',
  `user_id` int(10) unsigned DEFAULT NULL COMMENT '会员ID',
  `customer_id` int(10) unsigned DEFAULT NULL COMMENT '客户ID',
  `customer_store_id` int(10) unsigned DEFAULT NULL COMMENT '门店ID',
  `contact_name` varchar(30) DEFAULT NULL COMMENT '买家姓名',
  `contact_phone` varchar(30) DEFAULT NULL COMMENT '联系电话',
  `contact_address` varchar(255) DEFAULT NULL COMMENT '收货地址',
  `createtime` datetime DEFAULT NULL COMMENT '订单创建时间',
  `order_num` varchar(100) DEFAULT NULL COMMENT '订单编号',
  `pro_amount` decimal(10,2) DEFAULT NULL COMMENT '商品总额',
  `freight_price` decimal(10,2) DEFAULT NULL COMMENT '总运费',
  `order_price` decimal(10,2) DEFAULT NULL COMMENT '订单金额',
  `logistics_id` int(10) unsigned DEFAULT NULL COMMENT '物流ID',
  `logistics_name` varchar(20) DEFAULT NULL COMMENT '物流名称',
  `logistics_number` varchar(30) DEFAULT NULL COMMENT '物流编号',
  `pay_type` tinyint(3) unsigned DEFAULT NULL COMMENT '支付类型0余额 1支付宝 2微信 3银联 4会员卡消费',
  `remarks` varchar(255) DEFAULT NULL COMMENT '备注',
  `order_status` tinyint(3) unsigned DEFAULT NULL COMMENT '订单状态1待付款 2待发货 3待发货4待自提',
  `pay_time` datetime DEFAULT NULL COMMENT '(支付时间)',
  `delivery_time` datetime DEFAULT NULL COMMENT '(发货时间)',
  `transaction_completed_time` datetime DEFAULT NULL COMMENT '(交易完成时间)',
  `serial_number` varchar(50) DEFAULT NULL COMMENT '(交易流水号)',
  `isvalid` tinyint(3) unsigned DEFAULT NULL COMMENT '(是否有效0有效1无效)',
  `handle_id` varchar(50) DEFAULT NULL COMMENT '(操作者)',
  `handle_time` datetime DEFAULT NULL COMMENT '(操作时间)',
  `get_integral_total` int(10) unsigned DEFAULT NULL COMMENT '(获得的总积分)',
  `current_integral_deduction` decimal(10,2) DEFAULT NULL COMMENT '(当前积分金额转换比例)',
  `integral_deduction` int(10) unsigned DEFAULT NULL COMMENT '(积分扣除)',
  `coupons_amount` decimal(10,2) DEFAULT NULL COMMENT '(优惠券金额)',
  `order_source` tinyint(3) unsigned DEFAULT NULL COMMENT '订单来源(0线上订单 1线下订单)',
  `delivery_mode` tinyint(3) unsigned DEFAULT NULL COMMENT '配送方式(0门店配送 1自提 2快递配送)',
  `delivery_code` varchar(30) DEFAULT NULL COMMENT '提货码',
  `member_card_id` int(10) unsigned DEFAULT NULL COMMENT '会员卡ID',
  `member_card_no` varchar(30) DEFAULT NULL COMMENT '会员卡编号',
  `delivery_date` varchar(50) DEFAULT NULL COMMENT '配送时间',
  PRIMARY KEY (`id`)
) ENGINE=InnoDB DEFAULT CHARSET=utf8mb4;

-- ----------------------------
--  Table structure for `personal_address`
-- ----------------------------
DROP TABLE IF EXISTS `personal_address`;
CREATE TABLE `personal_address` (
  `id` int(10) unsigned NOT NULL AUTO_INCREMENT COMMENT '流水号',
  `customer_id` int(10) unsigned DEFAULT NULL COMMENT '客户ID',
  `createtime` datetime DEFAULT NULL COMMENT '创建时间',
  `modified_time` datetime DEFAULT NULL COMMENT '最后一次更新时间',
  `user_id` int(10) unsigned DEFAULT NULL COMMENT '(用户ID)',
  `name` varchar(20) DEFAULT NULL COMMENT '(姓名)',
  `phone` varchar(20) DEFAULT NULL COMMENT '(手机)',
  `address` varchar(255) DEFAULT NULL COMMENT '(详细地址)',
  `status` tinyint(3) unsigned DEFAULT NULL COMMENT '(使用状态0默认地址 1不是)',
  `area_id` int(10) unsigned DEFAULT NULL COMMENT '(区域ID)',
  `city_id` int(10) unsigned DEFAULT NULL COMMENT '(城市ID)',
  `prov_id` int(10) unsigned DEFAULT NULL COMMENT '(省份ID)',
  PRIMARY KEY (`id`)
) ENGINE=InnoDB DEFAULT CHARSET=utf8mb4;

-- ----------------------------
--  Table structure for `personal_member`
-- ----------------------------
DROP TABLE IF EXISTS `personal_member`;
CREATE TABLE `personal_member` (
  `id` int(10) unsigned NOT NULL AUTO_INCREMENT COMMENT '流水号',
  `user_id` int(10) unsigned NOT NULL COMMENT '用户ID',
  `customer_id` int(10) unsigned DEFAULT NULL COMMENT '客户ID',
  `head_img` varchar(255) DEFAULT NULL COMMENT '(头像)',
  `nick_name` varchar(50) DEFAULT NULL COMMENT '(昵称)',
  `sex` tinyint(3) unsigned DEFAULT NULL COMMENT '性别（0男、1女、2保密）',
  `true_name` varchar(20) DEFAULT NULL COMMENT '(真实姓名)',
  `phone` varchar(20) DEFAULT NULL COMMENT '(联系电话)',
  `canuse_money` decimal(10,2) DEFAULT NULL COMMENT '(冻结金额)',
  `balance` decimal(10,2) DEFAULT NULL COMMENT '(会员余额)',
  `total_amount` decimal(10,2) DEFAULT NULL COMMENT '会员历史充值金额',
  `isvalid` tinyint(1) DEFAULT '0' COMMENT '(是否有效0有效 1无效)',
  `integral` int(10) unsigned DEFAULT NULL COMMENT '(会员积分)',
  `total_integral` int(10) unsigned DEFAULT NULL COMMENT '(历史总积分)',
  `give_balance` decimal(10,2) DEFAULT NULL COMMENT '总的赠送金额',
  `createtime` datetime DEFAULT NULL,
  `pay_password` varchar(100) DEFAULT NULL COMMENT '支付密码',
  PRIMARY KEY (`id`)
) ENGINE=InnoDB AUTO_INCREMENT=38 DEFAULT CHARSET=utf8mb4;

-- ----------------------------
--  Records of `personal_member`
-- ----------------------------
BEGIN;
INSERT INTO `personal_member` VALUES ('1', '4', '1', '/default.png', '有人@我', '0', '涛哥哥', '13556631734', '0.00', '0.00', '0.00', '0', '0', '0', '0.00', null, 'aace673c9ecc2075533e7115eb5d4c5e'), ('37', '89', '1', '/statics/images/default.jpg', '13929204007', '2', null, '13929204007', null, null, null, '0', null, null, null, '2017-09-18 20:41:12', null);
COMMIT;

-- ----------------------------
--  Table structure for `product`
-- ----------------------------
DROP TABLE IF EXISTS `product`;
CREATE TABLE `product` (
  `id` int(10) unsigned NOT NULL AUTO_INCREMENT COMMENT '流水号',
  `customer_id` int(10) unsigned DEFAULT NULL COMMENT '客户ID',
  `pro_name` varchar(100) DEFAULT NULL COMMENT '商品名称',
  `pro_describe` varchar(100) DEFAULT NULL COMMENT '商品描述',
  `pro_image` varchar(255) DEFAULT NULL COMMENT '商品首图',
  `scroll_image` varchar(1000) DEFAULT NULL COMMENT '轮播图',
  `share_image` varchar(255) DEFAULT NULL COMMENT '商品分享图片',
  `pro_price` decimal(10,2) DEFAULT NULL COMMENT '商品价格',
  `discounts_price` decimal(10,2) DEFAULT NULL COMMENT '优惠价格',
  `pro_detail` text COMMENT '商品详情',
  `pro_type_id` int(10) unsigned DEFAULT NULL COMMENT '二级分类ID',
  `brand_id` int(10) unsigned DEFAULT NULL COMMENT '品牌ID',
  `sort` int(10) unsigned DEFAULT NULL COMMENT '商品排序',
  `isvalid` tinyint(3) unsigned DEFAULT NULL COMMENT '商品上下架(0上架 1下架)',
  `is_top` tinyint(3) unsigned DEFAULT NULL COMMENT '是否置顶(0是 1否)',
  `seo_keyword` varchar(500) DEFAULT NULL COMMENT 'SEO关键词集合',
  `createtime` datetime DEFAULT NULL COMMENT '创建时间',
  `pro_type` tinyint(3) unsigned DEFAULT NULL COMMENT '商品类型(0标准商品 1称重商品)',
  `modified_time` datetime DEFAULT NULL COMMENT '最后一次更新时间',
  `support_service_content` varchar(100) DEFAULT NULL COMMENT '支持的服务',
  `no_support_service_content` varchar(100) DEFAULT NULL COMMENT '不支持的服务',
  `is_integral_exchange` tinyint(3) unsigned DEFAULT NULL COMMENT '是否积分兑换(0是 1否)',
  `is_get_integral` tinyint(3) unsigned DEFAULT NULL COMMENT '购买是否有积分(0是 1否)',
  `get_integral_num` int(10) unsigned DEFAULT NULL COMMENT '可获得积分',
  PRIMARY KEY (`id`)
) ENGINE=InnoDB DEFAULT CHARSET=utf8mb4;

-- ----------------------------
--  Table structure for `product_brand`
-- ----------------------------
DROP TABLE IF EXISTS `product_brand`;
CREATE TABLE `product_brand` (
  `id` int(10) unsigned NOT NULL AUTO_INCREMENT COMMENT '流水号',
  `pro_type_id` int(10) unsigned DEFAULT NULL COMMENT '一级分类ID',
  `brand_name` varchar(30) NOT NULL COMMENT '品牌名称',
  `brand_image` varchar(255) DEFAULT NULL COMMENT '品牌图片',
  `isvalid` tinyint(3) unsigned NOT NULL DEFAULT '0' COMMENT '是否有效0有效1无效',
  `sort` int(10) unsigned DEFAULT NULL COMMENT '(排序)',
  `customer_id` int(10) unsigned DEFAULT NULL COMMENT '客户ID',
  `createtime` datetime DEFAULT NULL COMMENT '创建时间',
  `modified_time` datetime DEFAULT NULL COMMENT '最后一次修改时间',
  PRIMARY KEY (`id`)
) ENGINE=InnoDB AUTO_INCREMENT=6 DEFAULT CHARSET=utf8mb4;

-- ----------------------------
--  Records of `product_brand`
-- ----------------------------
BEGIN;
INSERT INTO `product_brand` VALUES ('1', '1', '伊利', null, '0', '1', '1', '2017-09-08 09:43:21', null), ('2', '1', '蒙牛', null, '0', '2', '1', '2017-09-08 09:43:37', null), ('3', '4', '三只松鼠', null, '0', '3', '1', '2017-09-08 09:46:06', null), ('4', '4', '豪士糕点', null, '0', '4', '1', '2017-09-08 09:46:44', null), ('5', '4', '德芙', null, '0', '5', '1', '2017-09-08 09:47:12', null);
COMMIT;

-- ----------------------------
--  Table structure for `product_detail`
-- ----------------------------
DROP TABLE IF EXISTS `product_detail`;
CREATE TABLE `product_detail` (
  `id` int(10) unsigned NOT NULL AUTO_INCREMENT COMMENT '流水号',
  `createtime` datetime DEFAULT NULL COMMENT '创建时间',
  `modified_time` datetime DEFAULT NULL COMMENT '最后一次更新时间',
  `pro_id` int(10) unsigned DEFAULT NULL COMMENT '商品ID',
  `spe_image` varchar(255) DEFAULT NULL COMMENT '不同规格对应的图片',
  `selling_price` decimal(10,2) DEFAULT NULL COMMENT '销售价',
  `spe_value` varchar(50) DEFAULT NULL COMMENT '自定义规格属性值',
  `pro_code` varchar(20) NOT NULL COMMENT '商品编码',
  `isvalid` tinyint(3) unsigned DEFAULT NULL COMMENT '展示开关（0开启 1关闭）',
  `sort` int(10) unsigned DEFAULT NULL COMMENT '排序',
  `store_num_value` varchar(50) DEFAULT NULL COMMENT '库存数量关联值(库存ID,数量;库存ID,数量)',
  `is_bargain_price` tinyint(3) unsigned DEFAULT NULL COMMENT '是否每日特价(0 是 1否)',
  `is_full_cut` tinyint(3) unsigned DEFAULT NULL COMMENT '是否参与满减活动(0是 1否)',
  `is_preferential` tinyint(3) unsigned DEFAULT NULL COMMENT '是否特惠活动',
  `is_restrictions` tinyint(3) unsigned DEFAULT NULL COMMENT '是否限购(0是 1否)',
  `restrictions_num` tinyint(3) unsigned DEFAULT NULL COMMENT '限制数量',
  `original_price` decimal(10,2) DEFAULT NULL COMMENT '非限制价格(原价)',
  `is_good_pro` tinyint(3) unsigned DEFAULT NULL COMMENT '是否设置为好货(0是 1否)',
  `is_select_recommend` tinyint(3) unsigned DEFAULT NULL COMMENT '是否精选推荐(0是 1否)',
  `is_seckill` tinyint(3) unsigned DEFAULT NULL COMMENT '是否秒杀(0是 1否)',
  PRIMARY KEY (`id`,`pro_code`)
) ENGINE=InnoDB DEFAULT CHARSET=utf8mb4;

-- ----------------------------
--  Table structure for `product_type`
-- ----------------------------
DROP TABLE IF EXISTS `product_type`;
CREATE TABLE `product_type` (
  `id` int(10) unsigned NOT NULL AUTO_INCREMENT COMMENT '流水号',
  `class_name` varchar(30) NOT NULL COMMENT '分类名称',
  `class_image` varchar(255) DEFAULT NULL COMMENT '一级分类图标',
  `adv_image` varchar(255) DEFAULT NULL COMMENT '分类广告图',
  `isvalid` tinyint(3) unsigned NOT NULL DEFAULT '0' COMMENT '是否有效0有效1无效',
  `sort` int(10) unsigned DEFAULT NULL COMMENT '排序',
  `level` tinyint(3) unsigned DEFAULT NULL COMMENT '级别0父级1二级',
  `parent_id` int(10) unsigned DEFAULT '0' COMMENT '父级ID',
  `customer_id` int(10) unsigned DEFAULT NULL COMMENT '客户ID',
  `createtime` datetime DEFAULT NULL COMMENT '创建时间',
  `modified_time` datetime DEFAULT NULL COMMENT '最后更新时间',
  `is_return_goods` tinyint(1) DEFAULT '0' COMMENT '是否支持七天无理由退货(0是 1否)',
  PRIMARY KEY (`id`)
) ENGINE=InnoDB AUTO_INCREMENT=16 DEFAULT CHARSET=utf8mb4;

-- ----------------------------
--  Records of `product_type`
-- ----------------------------
BEGIN;
INSERT INTO `product_type` VALUES ('1', '进口食品', '/image.png', '/adv.png', '0', '1', '0', '0', '1', '2017-09-08 09:26:54', null, '1'), ('2', '进口牛奶', '/image.png', '/adv.png', '0', '2', '1', '1', '1', '2017-09-08 09:31:29', null, '1'), ('3', '进口酸奶', '/image.png', '/adv.png', '0', '3', '1', '1', '1', '2017-09-08 09:32:36', null, '1'), ('4', '休闲零食', '/image.png', '/adv.png', '0', '4', '0', '0', '1', '2017-09-08 09:33:05', null, '1'), ('5', '糕点', null, null, '0', '5', '1', '4', '1', '2017-09-08 09:33:37', null, '1'), ('6', '巧克力', null, null, '0', '6', '1', '4', '1', '2017-09-08 09:34:52', null, '1'), ('7', '粮食副食', null, null, '0', '7', '0', '0', '1', '2017-09-08 09:35:38', null, '1'), ('8', '大米', null, null, '0', '8', '1', '7', '1', '2017-09-08 09:36:02', null, '1'), ('9', '花生油', null, null, '0', '9', '1', '7', '1', '2017-09-08 09:36:29', null, '1'), ('10', '家具用品', null, null, '0', '10', '0', '0', '1', '2017-09-08 09:37:21', null, '0'), ('11', '雨伞雨具', null, null, '0', '11', '1', '10', '1', '2017-09-08 09:37:51', null, '0'), ('12', '毛巾浴巾', null, null, '0', '12', '1', '10', '1', '2017-09-08 09:38:22', null, '0'), ('13', '厨房用品', null, null, '0', '13', '0', '0', '1', '2017-09-08 09:38:53', null, '0'), ('14', '保温杯', null, null, '0', '14', '1', '13', '1', '2017-09-08 09:39:18', null, '0'), ('15', '保鲜袋', null, null, '0', '15', '1', '13', '1', '2017-09-08 09:39:48', null, '0');
COMMIT;

-- ----------------------------
--  Table structure for `province`
-- ----------------------------
DROP TABLE IF EXISTS `province`;
CREATE TABLE `province` (
  `id` int(10) unsigned NOT NULL AUTO_INCREMENT COMMENT '流水号',
  `province_name` varchar(30) DEFAULT NULL COMMENT '(名称)',
  PRIMARY KEY (`id`)
) ENGINE=InnoDB AUTO_INCREMENT=35 DEFAULT CHARSET=utf8mb4;

-- ----------------------------
--  Records of `province`
-- ----------------------------
BEGIN;
INSERT INTO `province` VALUES ('1', '北京'), ('2', '天津'), ('3', '河北'), ('4', '山西'), ('5', '内蒙古'), ('6', '辽宁'), ('7', '吉林'), ('8', '黑龙江'), ('9', '上海'), ('10', '江苏'), ('11', '浙江'), ('12', '安徽'), ('13', '福建'), ('14', '江西'), ('15', '山东'), ('16', '河南'), ('17', '湖北'), ('18', '湖南'), ('19', '广东'), ('20', '广西'), ('21', '海南'), ('22', '重庆'), ('23', '四川'), ('24', '贵州'), ('25', '云南'), ('26', '西藏'), ('27', '陕西'), ('28', '甘肃'), ('29', '青海'), ('30', '宁夏'), ('31', '新疆'), ('32', '香港'), ('33', '澳门'), ('34', '台湾');
COMMIT;

-- ----------------------------
--  Table structure for `refund_application`
-- ----------------------------
DROP TABLE IF EXISTS `refund_application`;
CREATE TABLE `refund_application` (
  `id` int(10) unsigned NOT NULL AUTO_INCREMENT COMMENT '流水号',
  `customer_id` int(10) unsigned DEFAULT NULL COMMENT '客户ID',
  `customer_staff_id` int(10) unsigned DEFAULT NULL COMMENT '操作人ID',
  `auditing_time` datetime DEFAULT NULL COMMENT '申请审核时间',
  `customer_store_id` int(10) unsigned DEFAULT NULL COMMENT '门店ID',
  `order_id` int(10) unsigned DEFAULT NULL COMMENT '订单ID',
  `user_id` int(10) unsigned DEFAULT NULL COMMENT '会员ID',
  `order_detail_id` int(10) unsigned DEFAULT NULL COMMENT '订单详情ID',
  `reason_id` int(10) unsigned DEFAULT NULL COMMENT '退款原因ID',
  `reason_content` varchar(50) DEFAULT NULL COMMENT '退款原因内容',
  `createtime` datetime DEFAULT NULL COMMENT '申请时间',
  `amount` double(10,2) DEFAULT NULL COMMENT '退款金额',
  `type` tinyint(3) unsigned DEFAULT NULL COMMENT '类型0退款退货1退款',
  `instructions` varchar(255) DEFAULT NULL COMMENT '退款说明',
  `status` tinyint(3) unsigned DEFAULT NULL COMMENT '退款申请审核状态0未审核1取消申请2申请通过3申请拒绝',
  `refund_image` varchar(1000) DEFAULT NULL COMMENT '退款申请图片',
  `refund_num` varchar(50) DEFAULT NULL COMMENT '退款编号',
  `logistics_number` varchar(30) DEFAULT NULL COMMENT '用户回寄物流单号',
  `receive_goods_status` tinyint(1) DEFAULT NULL COMMENT '商家是否收货审核(0未审核 1通过 2拒绝)',
  PRIMARY KEY (`id`)
) ENGINE=InnoDB DEFAULT CHARSET=utf8mb4;

-- ----------------------------
--  Table structure for `refund_reason`
-- ----------------------------
DROP TABLE IF EXISTS `refund_reason`;
CREATE TABLE `refund_reason` (
  `id` int(10) unsigned NOT NULL AUTO_INCREMENT COMMENT '流水号',
  `content` varchar(255) DEFAULT NULL COMMENT '(退款原因)',
  `customer_id` int(10) unsigned DEFAULT NULL COMMENT '客户ID',
  PRIMARY KEY (`id`)
) ENGINE=InnoDB AUTO_INCREMENT=2 DEFAULT CHARSET=utf8mb4;

-- ----------------------------
--  Records of `refund_reason`
-- ----------------------------
BEGIN;
INSERT INTO `refund_reason` VALUES ('1', '质量不好', '1');
COMMIT;

-- ----------------------------
--  Table structure for `shopping_car`
-- ----------------------------
DROP TABLE IF EXISTS `shopping_car`;
CREATE TABLE `shopping_car` (
  `id` int(10) unsigned NOT NULL AUTO_INCREMENT COMMENT '流水号',
  `pro_code` varchar(20) DEFAULT NULL COMMENT '商品编码',
  `createtime` datetime NOT NULL COMMENT '创建时间',
  `modified_time` datetime DEFAULT NULL COMMENT '最后一次更新时间',
  `customer_id` int(10) unsigned DEFAULT NULL COMMENT '客户ID',
  `user_id` int(10) unsigned DEFAULT NULL COMMENT '会员ID',
  `pro_id` int(10) unsigned DEFAULT NULL COMMENT '商品ID',
  `pro_detail_id` int(10) unsigned DEFAULT NULL COMMENT '商品详情ID',
  `pro_count` int(10) unsigned DEFAULT NULL COMMENT '商品数量',
  `pro_type` int(10) unsigned DEFAULT NULL COMMENT '商品类型(0每日特价 1秒杀 2好货 3满减 4特惠)',
  `pro_price` decimal(10,2) DEFAULT NULL COMMENT '商品单价',
  PRIMARY KEY (`id`)
) ENGINE=InnoDB DEFAULT CHARSET=utf8mb4;

-- ----------------------------
--  Table structure for `staff_commodity`
-- ----------------------------
DROP TABLE IF EXISTS `staff_commodity`;
CREATE TABLE `staff_commodity` (
  `id` int(10) unsigned NOT NULL AUTO_INCREMENT COMMENT '流水号',
  `createtime` datetime DEFAULT NULL COMMENT '创建时间',
  `modified_time` datetime DEFAULT NULL COMMENT '最后一次更新时间',
  `customer_commodity_id` int(10) unsigned DEFAULT NULL COMMENT '客户产品ID',
  `customer_staff_id` int(10) unsigned DEFAULT NULL COMMENT '客户员工ID',
  PRIMARY KEY (`id`)
) ENGINE=InnoDB AUTO_INCREMENT=4 DEFAULT CHARSET=utf8mb4;

-- ----------------------------
--  Records of `staff_commodity`
-- ----------------------------
BEGIN;
INSERT INTO `staff_commodity` VALUES ('1', '2017-09-08 11:11:25', null, '1', '1'), ('2', '2017-09-08 11:16:07', null, '2', '1'), ('3', '2017-09-08 11:16:24', null, '3', '1');
COMMIT;

-- ----------------------------
--  Table structure for `store_delivery_time_set`
-- ----------------------------
DROP TABLE IF EXISTS `store_delivery_time_set`;
CREATE TABLE `store_delivery_time_set` (
  `id` int(10) unsigned NOT NULL AUTO_INCREMENT COMMENT '流水号',
  `store_no` varchar(30) DEFAULT NULL COMMENT '门店编号',
  `createtime` datetime NOT NULL COMMENT '创建时间',
  `modified_time` datetime DEFAULT NULL COMMENT '最后一次更新时间',
  `customer_id` int(10) unsigned DEFAULT NULL COMMENT '客户ID',
  `customer_store_id` int(10) unsigned DEFAULT NULL COMMENT '门店ID',
  `begin_time` datetime DEFAULT NULL COMMENT '开始时间',
  `end_time` datetime DEFAULT NULL COMMENT '结束时间',
  PRIMARY KEY (`id`)
) ENGINE=InnoDB DEFAULT CHARSET=utf8mb4;

-- ----------------------------
--  Table structure for `store_price`
-- ----------------------------
DROP TABLE IF EXISTS `store_price`;
CREATE TABLE `store_price` (
  `id` int(10) unsigned NOT NULL AUTO_INCREMENT COMMENT '流水号',
  `createtime` datetime DEFAULT NULL COMMENT '创建时间',
  `modified_time` datetime DEFAULT NULL COMMENT '最后一次更新时间',
  `store_num` int(10) unsigned DEFAULT NULL COMMENT '门店数量',
  `price` decimal(10,2) DEFAULT NULL COMMENT '每间门店价格',
  PRIMARY KEY (`id`)
) ENGINE=InnoDB AUTO_INCREMENT=4 DEFAULT CHARSET=utf8mb4;

-- ----------------------------
--  Records of `store_price`
-- ----------------------------
BEGIN;
INSERT INTO `store_price` VALUES ('1', '2017-09-07 16:42:43', null, '5', '1000.00'), ('2', '2017-09-07 16:43:00', null, '10', '800.00'), ('3', '2017-09-07 16:43:25', null, '15', '700.00');
COMMIT;

-- ----------------------------
--  Table structure for `store_price_set`
-- ----------------------------
DROP TABLE IF EXISTS `store_price_set`;
CREATE TABLE `store_price_set` (
  `id` int(10) unsigned NOT NULL AUTO_INCREMENT COMMENT '流水号',
  `store_no` varchar(30) DEFAULT NULL COMMENT '门店编号',
  `createtime` datetime DEFAULT NULL COMMENT '创建时间',
  `modified_time` datetime DEFAULT NULL COMMENT '最后一次更新时间',
  `customer_id` int(10) unsigned DEFAULT NULL COMMENT '客户ID',
  `customer_store_id` int(10) unsigned DEFAULT NULL COMMENT '门店ID',
  `price` decimal(10,2) DEFAULT NULL COMMENT '价格',
  `customer_stock_id` int(10) unsigned DEFAULT NULL COMMENT '库存ID',
  PRIMARY KEY (`id`)
) ENGINE=InnoDB DEFAULT CHARSET=utf8mb4;

-- ----------------------------
--  Table structure for `store_product`
-- ----------------------------
DROP TABLE IF EXISTS `store_product`;
CREATE TABLE `store_product` (
  `id` int(10) unsigned NOT NULL AUTO_INCREMENT COMMENT '流水号',
  `store_no` varchar(30) DEFAULT NULL COMMENT '门店编号',
  `createtime` datetime DEFAULT NULL COMMENT '创建时间',
  `customer_store_id` int(10) unsigned DEFAULT NULL COMMENT '门店ID',
  `product_id` int(10) unsigned DEFAULT NULL COMMENT '商品ID',
  `isvalid` tinyint(3) unsigned DEFAULT NULL COMMENT '上下架(0上架 1下架)',
  PRIMARY KEY (`id`)
) ENGINE=InnoDB DEFAULT CHARSET=utf8mb4;

-- ----------------------------
--  Table structure for `store_staff`
-- ----------------------------
DROP TABLE IF EXISTS `store_staff`;
CREATE TABLE `store_staff` (
  `id` int(10) unsigned NOT NULL AUTO_INCREMENT COMMENT '流水号',
  `customer_staff_id` int(10) unsigned DEFAULT NULL COMMENT '客户员工ID',
  `customer_store_id` int(10) unsigned DEFAULT NULL COMMENT '客户门店ID',
  PRIMARY KEY (`id`)
) ENGINE=InnoDB DEFAULT CHARSET=utf8mb4;

-- ----------------------------
--  Table structure for `supplier_commodity`
-- ----------------------------
DROP TABLE IF EXISTS `supplier_commodity`;
CREATE TABLE `supplier_commodity` (
  `id` int(10) unsigned NOT NULL AUTO_INCREMENT COMMENT '流水号',
  `createtime` datetime DEFAULT NULL COMMENT '创建时间',
  `customer_commodity_id` int(10) unsigned DEFAULT NULL COMMENT '客户产品ID',
  `supplier_id` int(10) unsigned DEFAULT NULL COMMENT '供应商ID',
  `bar_code` varchar(255) DEFAULT NULL COMMENT '产品条形码',
  `customer_id` int(10) unsigned DEFAULT NULL COMMENT '所属客户ID',
  `purchase_price` decimal(10,2) DEFAULT NULL COMMENT '该供应商提供该产品的价格',
  `modified_time` datetime DEFAULT NULL COMMENT '最后一次更新时间',
  `isvalid` tinyint(3) unsigned DEFAULT '0' COMMENT '是否有效(0有效 1无效)',
  PRIMARY KEY (`id`)
) ENGINE=InnoDB AUTO_INCREMENT=7 DEFAULT CHARSET=utf8mb4;

-- ----------------------------
--  Records of `supplier_commodity`
-- ----------------------------
BEGIN;
INSERT INTO `supplier_commodity` VALUES ('1', '2017-09-08 11:06:22', '1', '1', '', '1', '1.90', null, '0'), ('2', '2017-09-08 11:09:17', '1', '2', null, '1', '1.80', null, '0'), ('3', '2017-09-08 11:18:08', '2', '1', null, '1', '2.80', null, '0'), ('4', '2017-09-08 11:18:32', '2', '2', null, '1', '2.80', null, '0'), ('5', '2017-09-08 11:18:58', '3', '1', null, '1', '3.10', null, '0'), ('6', '2017-09-08 11:19:34', '3', '2', null, '1', '3.20', null, '0');
COMMIT;

-- ----------------------------
--  Table structure for `sys_app`
-- ----------------------------
DROP TABLE IF EXISTS `sys_app`;
CREATE TABLE `sys_app` (
  `id` int(11) NOT NULL AUTO_INCREMENT,
  `name` varchar(128) NOT NULL COMMENT '名称',
  `sort` int(11) NOT NULL COMMENT '排序',
  `createTime` datetime NOT NULL COMMENT '创建时间',
  `isEnable` bit(1) NOT NULL COMMENT '是否启用',
  `code` varchar(16) NOT NULL COMMENT '编码',
  PRIMARY KEY (`id`)
) ENGINE=InnoDB AUTO_INCREMENT=82 DEFAULT CHARSET=utf8 COMMENT='应用表';

-- ----------------------------
--  Records of `sys_app`
-- ----------------------------
BEGIN;
INSERT INTO `sys_app` VALUES ('1', '权限管理系统', '999', '2015-06-02 11:31:44', b'1', 'system_authority'), ('81', 'o2o管理系统', '9999', '2015-11-08 17:16:39', b'1', 'system_o2o');
COMMIT;

-- ----------------------------
--  Table structure for `sys_oauth_login`
-- ----------------------------
DROP TABLE IF EXISTS `sys_oauth_login`;
CREATE TABLE `sys_oauth_login` (
  `id` int(10) unsigned NOT NULL AUTO_INCREMENT COMMENT '流水号',
  `oauth_name` varchar(20) NOT NULL COMMENT '快捷登录名称',
  `oauth_id` varchar(50) DEFAULT NULL COMMENT '身份ID',
  `oauth_access_token` varchar(50) NOT NULL COMMENT '权限登录token',
  `oauth_expires` int(10) unsigned DEFAULT NULL COMMENT '过期时间',
  `user_id` int(10) unsigned DEFAULT NULL COMMENT '用户ID',
  `account` varchar(30) DEFAULT NULL COMMENT '登录账号',
  `customer_id` int(10) unsigned DEFAULT NULL COMMENT '客户ID',
  `createtime` datetime DEFAULT NULL COMMENT '绑定时间',
  PRIMARY KEY (`id`)
) ENGINE=InnoDB DEFAULT CHARSET=utf8mb4;

-- ----------------------------
--  Table structure for `sys_permission`
-- ----------------------------
DROP TABLE IF EXISTS `sys_permission`;
CREATE TABLE `sys_permission` (
  `id` int(11) NOT NULL AUTO_INCREMENT,
  `appId` int(11) NOT NULL COMMENT '应用ID',
  `parentId` int(11) DEFAULT NULL COMMENT '父ID',
  `name` varchar(50) NOT NULL COMMENT '名称',
  `url` varchar(255) NOT NULL COMMENT '权限URL',
  `sort` int(11) NOT NULL COMMENT '排序',
  `isMenu` bit(1) NOT NULL COMMENT '是否菜单',
  `isEnable` bit(1) NOT NULL COMMENT '是否启用',
  `icon` varchar(100) DEFAULT NULL COMMENT '图标',
  PRIMARY KEY (`id`),
  KEY `FK_SYS_PERM_REFERENCE_SYS_APP` (`appId`),
  CONSTRAINT `FK_SYS_PERM_REFERENCE_SYS_APP` FOREIGN KEY (`appId`) REFERENCES `sys_app` (`id`)
) ENGINE=InnoDB AUTO_INCREMENT=52 DEFAULT CHARSET=utf8 COMMENT='权限表';

-- ----------------------------
--  Records of `sys_permission`
-- ----------------------------
BEGIN;
INSERT INTO `sys_permission` VALUES ('2', '1', null, '应用', '/admin/app', '79', b'1', b'1', 'fa-plus-circle blue'), ('3', '1', null, '管理员', '/admin/user', '59', b'1', b'1', 'fa-user'), ('4', '1', null, '角色', '/admin/role', '39', b'1', b'1', 'fa-users'), ('5', '1', null, '权限', '/admin/permission', '29', b'1', b'1', 'fa-key'), ('6', '1', '2', '应用新增', '/admin/app/edit', '4', b'0', b'1', 'fa-plus-circle blue'), ('7', '1', '2', '应用禁用', '/admin/app/enable', '3', b'0', b'1', 'fa-lock orange'), ('8', '1', '2', '应用启用', '/admin/app/enable', '2', b'0', b'1', 'fa-unlock green'), ('9', '1', '2', '应用删除', '/admin/app/delete', '1', b'0', b'1', 'fa-trash-o red'), ('10', '1', '3', '管理员新增', '/admin/user/edit', '6', b'0', b'1', 'fa-plus-circle blue'), ('11', '1', '3', '管理员禁用', '/admin/user/enable', '5', b'0', b'1', 'fa-lock orange'), ('12', '1', '3', '管理员启用', '/admin/user/enable', '4', b'0', b'1', 'fa-unlock green'), ('13', '1', '3', '管理员删除', '/admin/user/delete', '3', b'0', b'1', 'fa-trash-o red'), ('14', '1', '3', '重置密码', '/admin/user/resetPassword', '2', b'0', b'1', 'fa-key grey'), ('15', '1', '3', '分配角色', '/admin/user/allocate', '1', b'0', b'1', 'fa-cog grey'), ('16', '1', '4', '角色新增', '/admin/role/edit', '5', b'0', b'1', 'fa-plus-circle blue'), ('17', '1', '4', '角色禁用', '/admin/role/enable', '4', b'0', b'1', 'fa-lock orange'), ('18', '1', '4', '角色启用', '/admin/role/enable', '3', b'0', b'1', 'fa-unlock green'), ('19', '1', '4', '角色删除', '/admin/role/delete', '2', b'0', b'1', 'fa-trash-o red'), ('20', '1', '4', '角色授权', '/admin/role/allocate', '1', b'0', b'1', 'fa-cog grey'), ('22', '1', '2', '应用列表', '/admin/app/list', '5', b'0', b'1', ''), ('23', '1', '3', '管理员列表', '/admin/user/list', '7', b'0', b'1', ''), ('24', '1', '4', '角色列表', '/admin/role/list', '6', b'0', b'1', ''), ('25', '1', '5', '权限树列表', '/admin/permission/nodes', '1', b'0', b'1', ''), ('26', '1', '2', '应用保存', '/admin/app/save', '1', b'0', b'1', ''), ('27', '1', '3', '管理员保存', '/admin/user/save', '1', b'0', b'1', ''), ('28', '1', '4', '角色保存', '/admin/role/save', '1', b'0', b'1', ''), ('29', '1', '5', '权限保存', '/admin/permission/save', '1', b'0', b'1', ''), ('30', '1', '5', '权限删除', '/admin/permission/delete', '1', b'0', b'1', ''), ('39', '1', null, '导航栏', '/admin/admin/menu', '99', b'0', b'1', ''), ('41', '1', null, '个人中心', '/admin/profile', '89', b'1', b'1', 'fa fa-desktop'), ('42', '1', '41', '修改密码', '/admin/profile/savePassword', '1', b'0', b'1', ''), ('48', '81', null, '代理商管理', '/agent/level', '1', b'1', b'1', 'fa-plus-circle blue'), ('49', '81', null, '个人中心', '/o2o/profile', '2', b'1', b'1', 'glyphicon-home'), ('50', '81', '48', '代理商级别管理', '/agent/level', '2', b'1', b'1', 'fa-rebel'), ('51', '81', '48', '代理商信息', '/agent', '1', b'1', b'1', '');
COMMIT;

-- ----------------------------
--  Table structure for `sys_re_role_permission`
-- ----------------------------
DROP TABLE IF EXISTS `sys_re_role_permission`;
CREATE TABLE `sys_re_role_permission` (
  `id` int(11) NOT NULL AUTO_INCREMENT,
  `roleId` int(11) NOT NULL COMMENT '角色ID',
  `permissionId` int(11) NOT NULL COMMENT '权限ID',
  `appId` int(11) NOT NULL COMMENT '应用ID',
  PRIMARY KEY (`id`),
  KEY `FK_SYS_RE_R_REFERENCE_SYS_PERM` (`permissionId`),
  KEY `FK_SYS_RE_R_REFERENCE_SYS_ROLE` (`roleId`),
  KEY `FK_Reference_9` (`appId`),
  CONSTRAINT `FK_Reference_9` FOREIGN KEY (`appId`) REFERENCES `sys_app` (`id`),
  CONSTRAINT `FK_SYS_RE_R_REFERENCE_SYS_PERM` FOREIGN KEY (`permissionId`) REFERENCES `sys_permission` (`id`),
  CONSTRAINT `FK_SYS_RE_R_REFERENCE_SYS_ROLE` FOREIGN KEY (`roleId`) REFERENCES `sys_role` (`id`)
) ENGINE=InnoDB AUTO_INCREMENT=261 DEFAULT CHARSET=utf8 COMMENT='角色权限表';

-- ----------------------------
--  Records of `sys_re_role_permission`
-- ----------------------------
BEGIN;
INSERT INTO `sys_re_role_permission` VALUES ('212', '1', '39', '1'), ('213', '1', '41', '1'), ('214', '1', '42', '1'), ('215', '1', '2', '1'), ('216', '1', '22', '1'), ('217', '1', '6', '1'), ('218', '1', '7', '1'), ('219', '1', '8', '1'), ('220', '1', '9', '1'), ('221', '1', '26', '1'), ('222', '1', '3', '1'), ('223', '1', '23', '1'), ('224', '1', '10', '1'), ('225', '1', '11', '1'), ('226', '1', '12', '1'), ('227', '1', '13', '1'), ('228', '1', '14', '1'), ('229', '1', '15', '1'), ('230', '1', '27', '1'), ('231', '1', '4', '1'), ('232', '1', '24', '1'), ('233', '1', '16', '1'), ('234', '1', '17', '1'), ('235', '1', '18', '1'), ('236', '1', '19', '1'), ('237', '1', '20', '1'), ('238', '1', '28', '1'), ('239', '1', '5', '1'), ('240', '1', '25', '1'), ('241', '1', '29', '1'), ('242', '1', '30', '1'), ('253', '4', '48', '81'), ('254', '4', '50', '81'), ('255', '4', '51', '81'), ('256', '4', '49', '81'), ('257', '5', '48', '81'), ('258', '5', '50', '81'), ('259', '5', '51', '81'), ('260', '5', '49', '81');
COMMIT;

-- ----------------------------
--  Table structure for `sys_re_user_app`
-- ----------------------------
DROP TABLE IF EXISTS `sys_re_user_app`;
CREATE TABLE `sys_re_user_app` (
  `id` int(11) NOT NULL AUTO_INCREMENT,
  `userId` int(11) NOT NULL COMMENT '用户ID ',
  `appId` int(11) NOT NULL COMMENT '应用ID',
  PRIMARY KEY (`id`),
  KEY `FK_Reference_10` (`appId`),
  KEY `FK_Reference_11` (`userId`),
  CONSTRAINT `FK_Reference_10` FOREIGN KEY (`appId`) REFERENCES `sys_app` (`id`) ON DELETE NO ACTION ON UPDATE NO ACTION,
  CONSTRAINT `FK_Reference_11` FOREIGN KEY (`userId`) REFERENCES `sys_user` (`id`) ON DELETE NO ACTION ON UPDATE NO ACTION
) ENGINE=InnoDB AUTO_INCREMENT=10 DEFAULT CHARSET=utf8 COMMENT='用户应用表';

-- ----------------------------
--  Records of `sys_re_user_app`
-- ----------------------------
BEGIN;
INSERT INTO `sys_re_user_app` VALUES ('7', '2', '81'), ('8', '2', '1'), ('9', '3', '81');
COMMIT;

-- ----------------------------
--  Table structure for `sys_re_user_role`
-- ----------------------------
DROP TABLE IF EXISTS `sys_re_user_role`;
CREATE TABLE `sys_re_user_role` (
  `id` int(11) NOT NULL AUTO_INCREMENT,
  `userId` int(11) NOT NULL COMMENT '用户ID ',
  `roleId` int(11) NOT NULL COMMENT '角色ID',
  `appId` int(11) NOT NULL COMMENT '应用ID',
  PRIMARY KEY (`id`),
  KEY `FK_SYS_RE_U_REFERENCE_SYS_USER` (`userId`),
  KEY `FK_SYS_RE_U_REFERENCE_SYS_ROLE` (`roleId`),
  KEY `FK_Reference_8` (`appId`),
  CONSTRAINT `FK_Reference_8` FOREIGN KEY (`appId`) REFERENCES `sys_app` (`id`),
  CONSTRAINT `FK_SYS_RE_U_REFERENCE_SYS_ROLE` FOREIGN KEY (`roleId`) REFERENCES `sys_role` (`id`),
  CONSTRAINT `FK_SYS_RE_U_REFERENCE_SYS_USER` FOREIGN KEY (`userId`) REFERENCES `sys_user` (`id`)
) ENGINE=InnoDB AUTO_INCREMENT=27 DEFAULT CHARSET=utf8 COMMENT='用户角色表';

-- ----------------------------
--  Records of `sys_re_user_role`
-- ----------------------------
BEGIN;
INSERT INTO `sys_re_user_role` VALUES ('7', '2', '4', '81'), ('8', '2', '1', '1'), ('9', '3', '4', '81'), ('25', '33', '5', '81'), ('26', '34', '5', '81');
COMMIT;

-- ----------------------------
--  Table structure for `sys_role`
-- ----------------------------
DROP TABLE IF EXISTS `sys_role`;
CREATE TABLE `sys_role` (
  `id` int(11) NOT NULL AUTO_INCREMENT,
  `appId` int(11) NOT NULL COMMENT '应用ID',
  `name` varchar(50) NOT NULL COMMENT '名称',
  `sort` int(11) NOT NULL COMMENT '排序',
  `description` varchar(200) DEFAULT NULL COMMENT '描述',
  `isEnable` bit(1) NOT NULL COMMENT '是否启用',
  `userId` int(11) DEFAULT NULL COMMENT '用户id',
  PRIMARY KEY (`id`),
  KEY `FK_SYS_ROLE_REFERENCE_SYS_APP` (`appId`),
  CONSTRAINT `FK_SYS_ROLE_REFERENCE_SYS_APP` FOREIGN KEY (`appId`) REFERENCES `sys_app` (`id`)
) ENGINE=InnoDB AUTO_INCREMENT=7 DEFAULT CHARSET=utf8 COMMENT='角色表';

-- ----------------------------
--  Records of `sys_role`
-- ----------------------------
BEGIN;
INSERT INTO `sys_role` VALUES ('1', '1', '单点登录管理员角色', '999', '', b'1', null), ('4', '81', 'o2o管理角色', '1', '', b'1', null), ('5', '81', 'o2o代理商', '3', 'o2o代理商角色', b'1', null), ('6', '81', 'o2o客户角色', '3', 'kh', b'1', null);
COMMIT;

-- ----------------------------
--  Table structure for `sys_user`
-- ----------------------------
DROP TABLE IF EXISTS `sys_user`;
CREATE TABLE `sys_user` (
  `id` int(11) NOT NULL AUTO_INCREMENT,
  `account` varchar(50) NOT NULL COMMENT '登录名',
  `password` varchar(100) DEFAULT NULL COMMENT '密码(加密)',
  `lastLoginIp` varchar(20) DEFAULT NULL COMMENT '最后登录IP',
  `lastLoginTime` datetime DEFAULT NULL COMMENT '最后登录时间',
  `loginCount` int(11) DEFAULT NULL COMMENT '登录总次数',
  `parent_id` int(11) DEFAULT NULL COMMENT '父id',
  `createTime` datetime NOT NULL COMMENT '创建时间',
  `isEnable` bit(1) NOT NULL DEFAULT b'1' COMMENT '是否启用',
  `userType` tinyint(1) unsigned DEFAULT NULL COMMENT '用户类型(0普通会员 1代理商 2O2O客户 3.管理员4.直销人员)',
  PRIMARY KEY (`id`)
) ENGINE=InnoDB AUTO_INCREMENT=90 DEFAULT CHARSET=utf8 COMMENT='用户表';

-- ----------------------------
--  Records of `sys_user`
-- ----------------------------
BEGIN;
INSERT INTO `sys_user` VALUES ('2', 'admin', '26524bdf4ea266f131566a89e8f4972c', null, null, '0', null, '2015-06-02 11:31:56', b'1', '3'), ('3', 'o2oadmin', '975734aa9d97a276b3a089b970f830f', null, null, '0', null, '2017-08-11 11:08:03', b'1', '3'), ('4', '13556631734', '26524bdf4ea266f131566a89e8f4972c', null, null, '0', null, '2017-09-07 11:46:25', b'1', '0'), ('5', '18578466997', '26524bdf4ea266f131566a89e8f4972c', null, null, '0', null, '2017-09-07 15:24:15', b'1', '1'), ('6', '13929204008', '26524bdf4ea266f131566a89e8f4972c', null, null, '0', null, '2017-09-07 15:34:48', b'1', '2'), ('33', '13556788765', '96e79218965eb72c92a549dd5a330112', null, null, '0', null, '2017-09-12 10:26:38', b'1', '1'), ('34', '2', '96e79218965eb72c92a549dd5a330112', null, null, '0', null, '2017-09-12 15:36:10', b'1', '1'), ('89', '13929204007', null, null, null, null, null, '2017-09-18 20:41:12', b'1', '0');
COMMIT;

-- ----------------------------
--  Table structure for `sys_user_open_id`
-- ----------------------------
DROP TABLE IF EXISTS `sys_user_open_id`;
CREATE TABLE `sys_user_open_id` (
  `id` int(10) unsigned NOT NULL AUTO_INCREMENT COMMENT '流水号',
  `user_id` int(10) unsigned DEFAULT NULL COMMENT '用户ID',
  `customer_id` int(10) unsigned DEFAULT NULL COMMENT '客户ID',
  `open_id` varchar(50) DEFAULT NULL COMMENT '身份ID',
  `createtime` datetime DEFAULT NULL COMMENT '创建时间',
  PRIMARY KEY (`id`)
) ENGINE=InnoDB DEFAULT CHARSET=utf8mb4;

-- ----------------------------
--  Table structure for `system_price`
-- ----------------------------
DROP TABLE IF EXISTS `system_price`;
CREATE TABLE `system_price` (
  `id` int(10) unsigned NOT NULL AUTO_INCREMENT COMMENT '流水号',
  `createtime` datetime DEFAULT NULL COMMENT '创建时间',
  `modified_time` datetime DEFAULT NULL COMMENT '最后一次更新时间',
  `system_model_type` tinyint(3) unsigned DEFAULT NULL COMMENT '系统模式类型(0 O2O 1 B2C 2 B2B2C)',
  `model_class_type` tinyint(3) unsigned DEFAULT NULL COMMENT '模式种类(1 单店模式 2 多店模式 3线下模式)',
  `system_price` decimal(10,2) DEFAULT NULL COMMENT '价格',
  `time_type` tinyint(3) unsigned DEFAULT NULL COMMENT '时间类型(0单月 1半年 2年)',
  PRIMARY KEY (`id`)
) ENGINE=InnoDB AUTO_INCREMENT=4 DEFAULT CHARSET=utf8mb4;

-- ----------------------------
--  Records of `system_price`
-- ----------------------------
BEGIN;
INSERT INTO `system_price` VALUES ('1', '2017-09-07 15:51:40', null, '0', '1', '12800.00', '2'), ('2', '2017-09-07 15:53:28', null, '0', '2', '15000.00', '2'), ('3', '2017-09-07 15:53:55', null, '0', '3', '6800.00', '2');
COMMIT;

SET FOREIGN_KEY_CHECKS = 1;
